symbol,name,industry,index_memberships
20MICRONS,20 Microns Limited,,
21STCENMGM,21st Century Management Services Limited,,
360ONE,360 ONE WAM LIMITED,Financial Services,NIFTY500
3BBLACKBIO,3B Blackbio Dx Limited,,
3MINDIA,3M India Limited,Diversified,NIFTY500
3PLAND,3P Land Holdings Limited,,
5PAISA,5Paisa Capital Limited,,
63MOONS,63 moons technologies limited,,
A2ZINFRA,A2Z Infra Engineering Limited,,
AAATECH,AAA Technologies Limited,,
AADHARHFC,Aadhar Housing Finance Limited,Financial Services,NIFTY500
AAKASH,Aakash Exploration Services Limited,,
AARNAV,Aarnav Fashions Limited,,
AARON,Aaron Industries Limited,,
AARTIDRUGS,Aarti Drugs Limited,,
AARTIIND,Aarti Industries Limited,Chemicals,NIFTY500
AARTIPHARM,Aarti Pharmalabs Limited,,
AARTISURF,Aarti Surfactants Limited,,
AARVI,Aarvi Encon Limited,,
AASTHA,Aastha Spintex Limited,,
AAVAS,Aavas Financiers Limited,Financial Services,NIFTY500
ABANSENT,Abans Enterprises Limited,,
ABB,ABB India Limited,Capital Goods,NIFTY500
ABBOTINDIA,Abbott India Limited,Healthcare,NIFTY500
ABCAPITAL,Aditya Birla Capital Limited,Financial Services,NIFTY500
ABCOTS,A B Cotspin India Limited,,
ABDL,Allied Blenders and Distillers Limited,Fast Moving Consumer Goods,NIFTY500
ABFRL,Aditya Birla Fashion and Retail Limited,Consumer Services,NIFTY500
ABINFRA,A B Infrabuild Limited,,
ABLBL,Aditya Birla Lifestyle Brands Limited,Consumer Services,NIFTY500
ABMINTLLTD,ABM International Limited,,
ABMKNO,ABM Knowledgeware Limited,,
ABREL,Aditya Birla Real Estate Limited,Realty,NIFTY500
ABSLAMC,Aditya Birla Sun Life AMC Limited,Financial Services,NIFTY500
ACC,ACC Limited,Construction Materials,NIFTY500
ACCELYA,Accelya Solutions India Limited,,
ACE,Action Construction Equipment Limited,Capital Goods,NIFTY500
ACEINTEG,Ace Integrated Solutions Limited,,
ACI,Archean Chemical Industries Limited,,
ACL,Andhra Cements Limited,,
ACMESOLAR,Acme Solar Holdings Limited,Power,NIFTY500
ACSTECH,ACS Technologies Limited,,
ACUTAAS,Acutaas Chemicals Limited,Healthcare,NIFTY500
ADANIENSOL,Adani Energy Solutions Limited,Power,NIFTY500
ADANIENT,Adani Enterprises Limited,Metals & Mining,NIFTY50|NIFTY500
ADANIGREEN,Adani Green Energy Limited,Power,NIFTY500
ADANIPORTS,Adani Ports and Special Economic Zone Limited,Services,NIFTY50|NIFTY500
ADANIPOWER,Adani Power Limited,Power,NIFTY500
ADFFOODS,ADF Foods Limited,,
ADL,Archidply Decor Limited,,
ADOR,Ador Welding Limited,,
ADROITINFO,Adroit Infotech Limited,,
ADSL,Allied Digital Services Limited,,
ADVAIT,Advait Energy Transitions Limited,,
ADVANCE,Advance Agrolife Limited,,
ADVANIHOTR,Advani Hotels & Resorts (India) Limited,,
ADVENTHTL,Advent Hotels International Limited,,
ADVENZYMES,Advanced Enzyme Technologies Limited,,
AEGISLOG,Aegis Logistics Limited,Oil Gas & Consumable Fuels,NIFTY500
AEGISVOPAK,Aegis Vopak Terminals Limited,Oil Gas & Consumable Fuels,NIFTY500
AEPL,Artemis Electricals and Projects Limited,,
AEQUS,Aequs Limited,,
AEROENTER,Aeroflex Enterprises Limited,,
AEROFLEX,Aeroflex Industries Limited,,
AERONEU,Aeroflex Neu Limited,,
AEROPLANE,Amir Chand Jagdish Kumar (Exports) Limited,,
AETHER,Aether Industries Limited,,
AFCONS,Afcons Infrastructure Limited,Construction,NIFTY500
AFFLE,Affle 3i Limited,Information Technology,NIFTY500
AFIL,Akme Fintrade (India) Limited,,
AFSL,Abans Financial Services Limited,,
AGARIND,Agarwal Industrial Corporation Limited,,
AGARWALEYE,Dr. Agarwal's Health Care Limited,,
AGI,AGI Greenpac Limited,,
AGIIL,Agi Infra Limited,,
AGL,Allcargo Global Limited,,
AGRITECH,Agri-Tech (India) Limited,,
AGROPHOS,Agro Phos India Limited,,
AHCL,Anlon Healthcare Limited,,
AHLADA,Ahlada Engineers Limited,,
AHLEAST,Asian Hotels (East) Limited,,
AHLUCONT,Ahluwalia Contracts (India) Limited,,
AIAENG,AIA Engineering Limited,Capital Goods,NIFTY500
AIIL,Authum Investment & Infrastructure Limited,Financial Services,NIFTY500
AIRAN,Airan Limited,,
AIROLAM,Airo Lam limited,,
AJANTPHARM,Ajanta Pharma Limited,Healthcare,NIFTY500
AJAXENGG,Ajax Engineering Limited,,
AJMERA,Ajmera Realty & Infra India Limited,,
AJOONI,Ajooni Biotech Limited,,
AKASH,Akash Infra-Projects Limited,,
AKCAPIT,AK Capital Services Limited,,
AKG,Akg Exim Limited,,
AKI,AKI India Limited,,
AKSHAR,Akshar Spintex Limited,,
AKUMS,Akums Drugs and Pharmaceuticals Limited,,
ALANKIT,Alankit Limited,,
ALBERTDAVD,Albert David Limited,,
ALEMBICLTD,Alembic Limited,,
ALGOQUANT,Algoquant Fintech Limited,,
ALICON,Alicon Castalloy Limited,,
ALIVUS,Alivus Life Sciences Limited,,
ALKEM,Alkem Laboratories Limited,Healthcare,NIFTY500
ALKYLAMINE,Alkyl Amines Chemicals Limited,,
ALLCARGO,Allcargo Logistics Limited,,
ALLDIGI,Alldigi Tech Limited,,
ALLTIME,All Time Plastics Limited,,
ALMONDZ,Almondz Global Securities Limited,,
ALOKINDS,Alok Industries Limited,,
ALPA,Alpa Laboratories Limited,,
ALPHAGEO,Alphageo (India) Limited,,
ALPINETEX,Alpine Texworld Limited,,
AMAGI,Amagi Media Labs Limited,,
AMBALALSA,Ambalal Sarabhai Enterprises Limited,,
AMBER,Amber Enterprises India Limited,Consumer Durables,NIFTY500
AMBICAAGAR,Ambica Agarbathies & Aroma industries Limited,,
AMBIKCO,Ambika Cotton Mills Limited,,
AMBUJACEM,Ambuja Cements Limited,Construction Materials,NIFTY500
AMDIND,AMD Industries Limited,,
AMJLAND,Amj Land Holdings Limited,,
AMNPLST,Amines & Plasticizers Limited,,
AMRUTANJAN,Amrutanjan Health Care Limited,,
ANANDRATHI,Anand Rathi Wealth Limited,Financial Services,NIFTY500
ANANTRAJ,Anant Raj Limited,Realty,NIFTY500
ANDHRAPAP,ANDHRA PAPER LIMITED,,
ANDHRSUGAR,The Andhra Sugars Limited,,
ANGELONE,Angel One Limited,Financial Services,NIFTY500
ANIKINDS,Anik Industries Limited,,
ANMOL,Anmol India Limited,,
ANNAPURNA,Annapurna Swadisht Limited,,
ANTELOPUS,Antelopus Selan Energy Limited,,
ANTGRAPHIC,Antarctica Limited,,
ANTHEM,Anthem Biosciences Limited,Healthcare,NIFTY500
ANUHPHR,Anuh Pharma Limited,,
ANUP,The Anup Engineering Limited,,
ANURAS,Anupam Rasayan India Limited,Chemicals,NIFTY500
APARINDS,Apar Industries Limited,Capital Goods,NIFTY500
APCL,Anjani Portland Cement Limited,,
APCOTEXIND,Apcotex Industries Limited,,
APEX,Apex Frozen Foods Limited,,
APLAPOLLO,APL Apollo Tubes Limited,Capital Goods,NIFTY500
APLLTD,Alembic Pharmaceuticals Limited,,
APOLLO,Apollo Micro Systems Limited,,
APOLLOHOSP,Apollo Hospitals Enterprise Limited,Healthcare,NIFTY50|NIFTY500
APOLLOPIPE,Apollo Pipes Limited,,
APOLLOTYRE,Apollo Tyres Limited,Automobile and Auto Components,NIFTY500
APOLSINHOT,Apollo Sindoori Hotels Limited,,
APTUS,Aptus Value Housing Finance India Limited,Financial Services,NIFTY500
AQYLON,Aqylon Nexus Limited,,
ARCHIDPLY,Archidply Industries Limited,,
ARCHIES,Archies Limited,,
ARDEE,Ardee Industries Limited,,
ARE&M,Amara Raja Energy & Mobility Limited,Automobile and Auto Components,NIFTY500
ARENTERP,Rajdarshan Industries Limited,,
ARFIN,Arfin India Limited,,
ARIES,Aries Agro Limited,,
ARIHANT,Arihant Foundations & Housing Limited,,
ARIHANTCAP,Arihant Capital Markets Limited,,
ARIHANTSUP,Arihant Superstructures Limited,,
ARIS,Arisinfra Solutions Limited,,
ARKADE,Arkade Developers Limited,,
ARMANFIN,Arman Financial Services Limited,,
AROGRANITE,Aro Granite Industries Limited,,
ARSSBL,Anand Rathi Share and Stock Brokers Limited,,
ARTEMISMED,Artemis Medicare Services Limited,,
ARTNIRMAN,Art Nirman Limited,,
ARVEE,Arvee Laboratories (India) Limited,,
ARVIND,Arvind Limited,,
ARVINDFASN,Arvind Fashions Limited,,
ARVSMART,Arvind SmartSpaces Limited,,
ASAHIINDIA,Asahi India Glass Limited,Automobile and Auto Components,NIFTY500
ASAL,Automotive Stampings and Assemblies Limited,,
ASALCBR,Associated Alcohols & Breweries Ltd.,,
ASHAPURMIN,Ashapura Minechem Limited,,
ASHIANA,Ashiana Housing Limited,,
ASHIMASYN,Ashima Limited,,
ASHOKA,Ashoka Buildcon Limited,,
ASHOKAMET,Ashoka Metcast Limited,,
ASHOKLEY,Ashok Leyland Limited,Capital Goods,NIFTY500
ASIANENE,Asian Energy Services Limited,,
ASIANHOTNR,Asian Hotels (North) Limited,,
ASIANPAINT,Asian Paints Limited,Consumer Durables,NIFTY50|NIFTY500
ASIANTILES,Asian Granito India Limited,,
ASKAUTOLTD,ASK Automotive Limited,,
ASPINWALL,Aspinwall and Company Limited,,
ASTAR,Asian Star Company Limited,,
ASTEC,Astec LifeSciences Limited,,
ASTERDM,Aster DM Quality Care Limited,Healthcare,NIFTY500
ASTRAL,Astral Limited,Capital Goods,NIFTY500
ASTRAMICRO,Astra Microwave Products Limited,,
ASTRAZEN,AstraZeneca Pharma India Limited,,
ATALREAL,Atal Realtech Limited,,
ATAM,Atam Valves Limited,,
ATGL,Adani Total Gas Limited,Oil Gas & Consumable Fuels,NIFTY500
ATHERENERG,Ather Energy Limited,Automobile and Auto Components,NIFTY500
ATL,Allcargo Terminals Limited,,
ATLANTAA,ATLANTAA LIMITED,,
ATLANTAELE,Atlanta Electricals Limited,,
ATLASCYCLE,Atlas Cycles (Haryana) Limited,,
ATUL,Atul Limited,Chemicals,NIFTY500
ATULAUTO,Atul Auto Limited,,
AUBANK,AU Small Finance Bank Limited,Financial Services,NIFTY500
AURIONPRO,Aurionpro Solutions Limited,,
AUROPHARMA,Aurobindo Pharma Limited,Healthcare,NIFTY500
AURUM,Aurum PropTech Limited,,
AURUS,AURUS GEM CORPORATION LIMITED,,
AUSOMENT,Ausom Enterprise Limited,,
AUTOAXLES,Automotive Axles Limited,,
AVADHSUGAR,Avadh Sugar & Energy Limited,,
AVALON,Avalon Technologies Limited,,
AVANTEL,Avantel Limited,,
AVANTIFEED,Avanti Feeds Limited,,
AVL,Aditya Vision Limited,,
AVONMORE,Avonmore Capital & Management Services Limited,,
AVROIND,AVRO INDIA LIMITED,,
AVTNPL,AVT Natural Products Limited,,
AWFIS,Awfis Space Solutions Limited,,
AWHCL,Antony Waste Handling Cell Limited,,
AWL,AWL Agri Business Limited,Fast Moving Consumer Goods,NIFTY500
AXISBANK,Axis Bank Limited,Financial Services,NIFTY50|NIFTY500
AXISCADES,AXISCADES Technologies Limited,,
AXITA,Axita Cotton Limited,,
AYE,Aye Finance Limited,,
AYMSYNTEX,AYM Syntex Limited,,
AZAD,Azad Engineering Limited,,
BAGFILMS,B.A.G Films and Media Limited,,
BAIDFIN,Baid Finserv Limited,,
BAJAJ-AUTO,Bajaj Auto Limited,Automobile and Auto Components,NIFTY50|NIFTY500
BAJAJCON,Bajaj Consumer Care Limited,,
BAJAJELEC,Bajaj Electricals Limited,,
BAJAJFINSV,Bajaj Finserv Limited,Financial Services,NIFTY50|NIFTY500
BAJAJHCARE,Bajaj Healthcare Limited,,
BAJAJHFL,Bajaj Housing Finance Limited,Financial Services,NIFTY500
BAJAJHIND,Bajaj Hindusthan Sugar Limited,,
BAJAJHLDNG,Bajaj Holdings & Investment Limited,Financial Services,NIFTY500
BAJAJINDEF,Indef Manufacturing Limited,,
BAJAJST,Bajaj Steel Industries Limited,,
BAJEL,Bajel Projects Limited,,
BAJFINANCE,Bajaj Finance Limited,Financial Services,NIFTY50|NIFTY500
BALAJEE,Shree Tirupati Balajee Agro Trading Company Limited,,
BALAJITELE,Balaji Telefilms Limited,,
BALAMINES,Balaji Amines Limited,,
BALAXI,BALAXI PHARMACEUTICALS LIMITED,,
BALKRISHNA,Balkrishna Paper Mills Limited,,
BALKRISIND,Balkrishna Industries Limited,Automobile and Auto Components,NIFTY500
BALMLAWRIE,Balmer Lawrie & Company Limited,,
BALPHARMA,Bal Pharma Limited,,
BALRAMCHIN,Balrampur Chini Mills Limited,Fast Moving Consumer Goods,NIFTY500
BALUFORGE,Balu Forge Industries Limited,,
BANARBEADS,Banaras Beads Limited,,
BANARISUG,Bannari Amman Sugars Limited,,
BANCOINDIA,Banco Products (I) Limited,,
BANDHANBNK,Bandhan Bank Limited,Financial Services,NIFTY500
BANG,Bang Overseas Limited,,
BANKA,Banka BioLoo Limited,,
BANKBARODA,Bank of Baroda,Financial Services,NIFTY500
BANKINDIA,Bank of India,Financial Services,NIFTY500
BANSALWIRE,Bansal Wire Industries Limited,,
BANSWRAS,Banswara Syntex Limited,,
BASF,BASF India Limited,,
BATAINDIA,Bata India Limited,Consumer Durables,NIFTY500
BATLIBOI,Batliboi Limited,,
BAYERCROP,Bayer Cropscience Limited,Chemicals,NIFTY500
BBL,Bharat Bijlee Limited,,
BBOX,Black Box Limited,,
BBTC,The Bombay Burmah Trading Corporation Limited,Fast Moving Consumer Goods,NIFTY500
BBTCL,B&B Triplewall Containers Limited,,
BCG,Brightcom Group Limited,,
BCLIND,Bcl Industries Limited,,
BCONCEPTS,Brand Concepts Limited,,
BCPL,BCPL Railway Infrastructure Limited,,
BDL,Bharat Dynamics Limited,Capital Goods,NIFTY500
BEARDSELL,Beardsell Limited,,
BECTORFOOD,Mrs. Bectors Food Specialities Limited,,
BEDMUTHA,Bedmutha Industries Limited,,
BEEKAY,Beekay Steel Industries Limited,,
BEL,Bharat Electronics Limited,Capital Goods,NIFTY50|NIFTY500
BELLACASA,Bella Casa Fashion & Retail Limited,,
BELRISE,Belrise Industries Limited,Automobile and Auto Components,NIFTY500
BEML,BEML Limited,Capital Goods,NIFTY500
BENGALASM,Bengal & Assam Company Limited,,
BEPL,Bhansali Engineering Polymers Limited,,
BERGEPAINT,Berger Paints (I) Limited,Consumer Durables,NIFTY500
BESTAGRO,Best Agrolife Limited,,
BETA,Beta Drugs Limited,,
BFINVEST,BF Investment Limited,,
BFUTILITIE,BF Utilities Limited,,
BHAGCHEM,Bhagiradha Chemicals & Industries Limited,,
BHAGYANGR,Bhagyanagar India Limited,,
BHARATCOAL,Bharat Coking Coal Limited,,
BHARATFORG,Bharat Forge Limited,Automobile and Auto Components,NIFTY500
BHARATRAS,Bharat Rasayan Limited,,
BHARATSE,Bharat Seats Limited,,
BHARATWIRE,Bharat Wire Ropes Limited,,
BHARTIARTL,Bharti Airtel Limited,Telecommunication,NIFTY50|NIFTY500
BHARTIHEXA,Bharti Hexacom Limited,Telecommunication,NIFTY500
BHEL,Bharat Heavy Electricals Limited,Capital Goods,NIFTY500
BI,Bilcare Limited,,
BIGBLOC,Bigbloc Construction Limited,,
BIKAJI,Bikaji Foods International Limited,Fast Moving Consumer Goods,NIFTY500
BIL,Bhartiya International Limited,,
BIMETAL,Bimetal Bearings Limited,,
BIOCON,Biocon Limited,Healthcare,NIFTY500
BIOFILCHEM,Biofil Chemicals & Pharmaceuticals Limited,,
BIRLACORPN,Birla Corporation Limited,,
BIRLAMONEY,Aditya Birla Money Limited,,
BIRLANU,BirlaNu Limited,,
BIRLAPREC,Birla Precision Technologies Limited,,
BLACKBUCK,BLACKBUCK LIMITED,,
BLAL,BEML Land Assets Limited,,
BLBLIMITED,BLB Limited,,
BLIL,Balmer Lawrie Investments Limited,,
BLKASHYAP,B. L. Kashyap and Sons Limited,,
BLS,BLS International Services Limited,Consumer Services,NIFTY500
BLSE,BLS E-Services Limited,,
BLUECHIP,Blue Chip India Limited,,
BLUEDART,Blue Dart Express Limited,Services,NIFTY500
BLUEJET,Blue Jet Healthcare Limited,Healthcare,NIFTY500
BLUESTARCO,Blue Star Limited,Consumer Durables,NIFTY500
BLUESTONE,BlueStone Jewellery and Lifestyle Limited,,
BLUSPRING,Bluspring Enterprises Limited,,
BMWVENTLTD,BMW Ventures Limited,,
BNAGROCHEM,BN Agrochem Limited,,
BOHRAIND,Bohra Industries Limited,,
BOMDYEING,Bombay Dyeing & Mfg Company Limited,,
BONLON,Bonlon Industries Limited,,
BORANA,Borana Weaves Limited,,
BOROLTD,Borosil Limited,,
BORORENEW,BOROSIL RENEWABLES LIMITED,,
BOROSCI,Borosil Scientific Limited,,
BOSCH-HCIL,BOSCH HOME COMFORT INDIA LIMITED,,
BOSCHLTD,Bosch Limited,Automobile and Auto Components,NIFTY500
BPCL,Bharat Petroleum Corporation Limited,Oil Gas & Consumable Fuels,NIFTY500
BPL,BPL Limited,,
BRIGADE,Brigade Enterprises Limited,Realty,NIFTY500
BRIGHOTEL,Brigade Hotel Ventures Limited,,
BRITANNIA,Britannia Industries Limited,Fast Moving Consumer Goods,NIFTY500
BRNL,Bharat Road Network Limited,,
BSE,BSE Limited,Financial Services,NIFTY500
BSL,BSL Limited,,
BSOFT,BIRLASOFT LIMITED,Information Technology,NIFTY500
BTML,Bodhi Tree Multimedia Limited,,
BUILDPRO,Shankara Buildpro Limited,,
BUTTERFLY,Butterfly Gandhimathi Appliances Limited,,
BVCL,Barak Valley Cements Limited,,
CAMLINFINE,Camlin Fine Sciences Limited,,
CAMPUS,Campus Activewear Limited,,
CAMS,Computer Age Management Services Limited,Financial Services,NIFTY500
CANBK,Canara Bank,Financial Services,NIFTY500
CANFINHOME,Can Fin Homes Limited,Financial Services,NIFTY500
CANHLIFE,Canara HSBC Life Insurance Company Limited,Financial Services,NIFTY500
CANTABIL,Cantabil Retail India Limited,,
CAPACITE,Capacit'e Infraprojects Limited,,
CAPILLARY,Capillary Technologies India Limited,,
CAPITALSFB,Capital Small Finance Bank Limited,,
CAPLIPOINT,Caplin Point Laboratories Limited,Healthcare,NIFTY500
CARBORUNIV,Carborundum Universal Limited,Capital Goods,NIFTY500
CARERATING,CARE Ratings Limited,,
CARRARO,Carraro India Limited,,
CARTRADE,Cartrade Tech Limited,Consumer Services,NIFTY500
CARYSIL,CARYSIL LIMITED,,
CASTROLIND,Castrol India Limited,Oil Gas & Consumable Fuels,NIFTY500
CCAVENUE,AvenuesAI Limited,,
CCCL,Consolidated Construction Consortium Limited,,
CCHHL,Country Club Hospitality & Holidays Limited,,
CCL,CCL Products (India) Limited,Fast Moving Consumer Goods,NIFTY500
CDSL,Central Depository Services (India) Limited,Financial Services,NIFTY500
CEATLTD,CEAT Limited,Automobile and Auto Components,NIFTY500
CEIGALL,Ceigall India Limited,,
CEINSYS,Ceinsys Tech Limited,,
CELEBRITY,Celebrity Fashions Limited,,
CELLO,Cello World Limited,,
CEMPRO,Cemindia Projects Limited,Construction,NIFTY500
CENTENKA,Century Enka Limited,,
CENTEXT,Century Extrusions Limited,,
CENTRALBK,Central Bank of India,Financial Services,NIFTY500
CENTRUM,Centrum Capital Limited,,
CENTUM,Centum Electronics Limited,,
CENTURYPLY,Century Plyboards (India) Limited,,
CERA,Cera Sanitaryware Limited,,
CESC,CESC Limited,Power,NIFTY500
CEWATER,Concord Enviro Systems Limited,,
CGCL,Capri Global Capital Limited,Financial Services,NIFTY500
CGPOWER,CG Power and Industrial Solutions Limited,Capital Goods,NIFTY500
CHALET,Chalet Hotels Limited,Consumer Services,NIFTY500
CHAMBLFERT,Chambal Fertilizers & Chemicals Limited,Chemicals,NIFTY500
CHEMPLASTS,Chemplast Sanmar Limited,,
CHENNPETRO,Chennai Petroleum Corporation Limited,Oil Gas & Consumable Fuels,NIFTY500
CHEVIOT,Cheviot Company Limited,,
CHOICEIN,Choice International Limited,Financial Services,NIFTY500
CHOLAFIN,Cholamandalam Investment and Finance Company Limited,Financial Services,NIFTY500
CHOLAHLDNG,Cholamandalam Financial Holdings Limited,Financial Services,NIFTY500
CIEINDIA,CIE Automotive India Limited,Automobile and Auto Components,NIFTY500
CIFL,Capital India Finance Limited,,
CINELINE,Cineline India Limited,,
CINEVISTA,Cinevista Limited,,
CIPLA,Cipla Limited,Healthcare,NIFTY50|NIFTY500
CLEAN,Clean Science and Technology Limited,Chemicals,NIFTY500
CLEANMAX,Clean Max Enviro Energy Solutions Limited,,
CLSEL,Chaman Lal Setia Exports Limited,,
CMLL,Caliber Mining and Logistics Limited,,
CMPDI,Central Mine Planning & Design Institute Limited,,
CMRGREEN,CMR Green Technologies Limited,,
CMSINFO,CMS Info Systems Limited,,
CNL,Creative Newtech Limited,,
COALINDIA,Coal India Limited,Oil Gas & Consumable Fuels,NIFTY50|NIFTY500
COASTCORP,Coastal Corporation Limited,,
COCHINSHIP,Cochin Shipyard Limited,Capital Goods,NIFTY500
COCKERILL,John Cockerill India Limited,,
COFORGE,Coforge Limited,Information Technology,NIFTY500
COHANCE,Cohance Lifesciences Limited,Healthcare,NIFTY500
COLPAL,Colgate Palmolive (India) Limited,Fast Moving Consumer Goods,NIFTY500
COMFINTE,Comfort Intech Limited,,
COMPUSOFT,Compucom Software Limited,,
COMSYN,Commercial Syn Bags Limited,,
CONCOR,Container Corporation of India Limited,Services,NIFTY500
CONCORDBIO,Concord Biotech Limited,Healthcare,NIFTY500
CONFIPET,Confidence Petroleum India Limited,,
CONTROLPR,Control Print Limited,,
CORALFINAC,Coral India Finance & Housing Limited,,
CORDELIA,Waterways Leisure Tourism Limited,,
COROMANDEL,Coromandel International Limited,Chemicals,NIFTY500
CORONA,CORONA Remedies Limited,,
COSMOFIRST,COSMO FIRST LIMITED,,
CPCAP,CP Capital Limited,,
CPEDU,Career Point Edutech Limited,,
CPL,Captain Polyplast Limited,,
CPPLUS,Aditya Infotech Limited,Capital Goods,NIFTY500
CRAFTSMAN,Craftsman Automation Limited,Automobile and Auto Components,NIFTY500
CRAMC,Canara Robeco Asset Management Company Limited,,
CREATIVEYE,Creative Eye Limited,,
CREDITACC,CREDITACCESS GRAMEEN LIMITED,Financial Services,NIFTY500
CREST,Crest Ventures Limited,,
CRISIL,Crisil Limited,Financial Services,NIFTY500
CRIZAC,Crizac Limited,,
CROMPTON,Crompton Greaves Consumer Electricals Limited,Consumer Durables,NIFTY500
CROWN,Crown Lifters Limited,,
CSBBANK,CSB Bank Limited,,
CSLFINANCE,CSL Finance Limited,,
CSM,CSM Technologies Limited,,
CTE,Cambridge Technology Enterprises Limited,,
CUB,City Union Bank Limited,Financial Services,NIFTY500
CUBEXTUB,Cubex Tubings Limited,,
CUMMINSIND,Cummins India Limited,Capital Goods,NIFTY500
CUPID,Cupid Limited,,
CURAA,Cura Technologies Limited,,
CYIENT,Cyient Limited,Information Technology,NIFTY500
CYIENTDLM,Cyient DLM Limited,,
DABUR,Dabur India Limited,Fast Moving Consumer Goods,NIFTY500
DAICHI,Dai-Ichi Karkaria Limited,,
DALBHARAT,Dalmia Bharat Limited,Construction Materials,NIFTY500
DALMIASUG,Dalmia Bharat Sugar and Industries Limited,,
DAMCAPITAL,Dam Capital Advisors Limited,,
DANGEE,Dangee Dums Limited,,
DATAMATICS,Datamatics Global Services Limited,,
DATAPATTNS,Data Patterns (India) Limited,Capital Goods,NIFTY500
DAVANGERE,Davangere Sugar Company Limited,,
DBCORP,D.B.Corp Limited,,
DBL,Dilip Buildcon Limited,,
DBOL,Dhampur Bio Organics Limited,,
DBREALTY,Valor Estate Limited,,
DCAL,Dishman Carbogen Amcis Limited,,
DCBBANK,DCB Bank Limited,,
DCI,Dc Infotech And Communication Limited,,
DCMFINSERV,DCM Financial Services Limited,,
DCMNVL,DCM Nouvelle Limited,,
DCMSHRIRAM,DCM Shriram Limited,Diversified,NIFTY500
DCMSRIND,DCM Shriram Industries Limited,,
DCW,DCW Limited,,
DCXINDIA,DCX Systems Limited,,
DDEVPLSTIK,Ddev Plastiks Industries Limited,,
DECCANCE,Deccan Cements Limited,,
DECNGOLD,Deccan Gold Mines Limited,,
DEEDEV,DEE Development Engineers Limited,,
DEEPAKFERT,Deepak Fertilizers and Petrochemicals Corporation Limited,Chemicals,NIFTY500
DEEPAKNTR,Deepak Nitrite Limited,Chemicals,NIFTY500
DEEPINDS,Deep Industries Limited,,
DELHIVERY,Delhivery Limited,Services,NIFTY500
DELTACORP,Delta Corp Limited,,
DELTAMAGNT,Delta Manufacturing Limited,,
DEN,Den Networks Limited,,
DENORA,De Nora India Limited,,
DENTA,Denta Water and Infra Solutions Limited,,
DEVIT,Dev Information Technology Limited,,
DEVX,Dev Accelerator Limited,,
DEVYANI,Devyani International Limited,Consumer Services,NIFTY500
DGCONTENT,Digicontent Limited,,
DHAMPURSUG,Dhampur Sugar Mills Limited,,
DHANBANK,Dhanlaxmi Bank Limited,,
DHANUKA,Dhanuka Agritech Limited,,
DHARMAJ,Dharmaj Crop Guard Limited,,
DHRUV,Dhruv Consultancy Services Limited,,
DHUNINV,Dhunseri Investments Limited,,
DIAMINESQ,Diamines & Chemicals Limited,,
DIAMONDYD,Prataap Snacks Limited,,
DICIND,DIC India Limited,,
DIFFNKG,Diffusion Engineers Limited,,
DIGIDRIVE,Digidrive Distributors Limited,,
DIGISPICE,DiGiSPICE Technologies Limited,,
DIGITIDE,Digitide Solutions Limited,,
DIGJAMLMTD,Digjam Limited,,
DISAQ,Disa India Limited,,
DISHTV,Dish TV India Limited,,
DIVGIITTS,Divgi Torqtransfer Systems Limited,,
DIVISLAB,Divi's Laboratories Limited,Healthcare,NIFTY500
DIXON,Dixon Technologies (India) Limited,Consumer Durables,NIFTY500
DJML,DJ Mediaprint & Logistics Limited,,
DLF,DLF Limited,Realty,NIFTY500
DLINKINDIA,D-Link (India) Limited,,
DMART,Avenue Supermarts Limited,Consumer Services,NIFTY500
DMCC,DMCC SPECIALITY CHEMICALS LIMITED,,
DNAMEDIA,Diligent Media Corporation Limited,,
DODLA,Dodla Dairy Limited,,
DOLATALGO,Dolat Algotech Limited,,
DOLLAR,Dollar Industries Limited,,
DOLPHIN,Dolphin Offshore Enterprises (India) Limited,,
DOMS,DOMS Industries Limited,Fast Moving Consumer Goods,NIFTY500
DONEAR,Donear Industries Limited,,
DPABHUSHAN,D. P. Abhushan Limited,,
DRAGARWQ,Dr Agarwals Eye Hospital Limited,,
DRCSYSTEMS,DRC Systems India Limited,,
DREAMFOLKS,Dreamfolks Services Limited,,
DREDGECORP,Dredging Corporation of India Limited,,
DRREDDY,Dr. Reddy's Laboratories Limited,Healthcare,NIFTY50|NIFTY500
DSSL,Dynacons Systems & Solutions Limited,,
DTIL,Dhunseri Tea & Industries Limited,,
DUCON,Ducon Infratechnologies Limited,,
DVL,Dhunseri Ventures Limited,,
DWARKESH,Dwarikesh Sugar Industries Limited,,
DYCL,Dynamic Cables Limited,,
DYNAMATECH,Dynamatic Technologies Limited,,
DYNPRO,Dynemic Products Limited,,
EASEMYTRIP,Easy Trip Planners Limited,,
EBGNG,GNG Electronics Limited,,
ECLERX,eClerx Services Limited,Services,NIFTY500
EDELWEISS,Edelweiss Financial Services Limited,,
EFCIL,EFC (I) Limited,,
EICHERMOT,Eicher Motors Limited,Automobile and Auto Components,NIFTY50|NIFTY500
EIDPARRY,EID Parry India Limited,Fast Moving Consumer Goods,NIFTY500
EIEL,Enviro Infra Engineers Limited,,
EIHAHOTELS,EIH Associated Hotels Limited,,
EIHOTEL,EIH Limited,Consumer Services,NIFTY500
EIMCOELECO,Eimco Elecon (India) Limited,,
EKC,Everest Kanto Cylinder Limited,,
ELANTAS,Elantas Beck India Limited,,
ELCIDIN,EL CID Investments Limited,,
ELDEHSG,Eldeco Housing And Industries Limited,,
ELECON,Elecon Engineering Company Limited,Capital Goods,NIFTY500
ELECTCAST,Electrosteel Castings Limited,,
ELECTHERM,Electrotherm (India) Limited,,
ELGIEQUIP,Elgi Equipments Limited,Capital Goods,NIFTY500
ELGIRUBCO,Elgi Rubber Company Limited,,
ELIN,Elin Electronics Limited,,
ELITECON,Elitecon International Limited,,
ELLEN,Ellenbarrie Industrial Gases Limited,,
ELPROINTL,Elpro International Limited,,
EMAMILTD,Emami Limited,Fast Moving Consumer Goods,NIFTY500
EMAMIREAL,Emami Realty Limited,,
EMBDL,Embassy Developments Limited,,
EMCURE,Emcure Pharmaceuticals Limited,Healthcare,NIFTY500
EMIL,Electronics Mart India Limited,,
EMKAY,Emkay Global Financial Services Limited,,
EMMVEE,Emmvee Photovoltaic Power Limited,Capital Goods,NIFTY500
EMSLIMITED,EMS Limited,,
EMUDHRA,eMudhra Limited,,
ENDURANCE,Endurance Technologies Limited,Automobile and Auto Components,NIFTY500
ENERGYDEV,Energy Development Company Limited,,
ENGINERSIN,Engineers India Limited,Construction,NIFTY500
ENIL,Entertainment Network (India) Limited,,
ENRIN,Siemens Energy India Limited,Capital Goods,NIFTY500
ENTERO,Entero Healthcare Solutions Limited,,
EPACK,EPACK Durable Limited,,
EPACKPEB,EPack Prefab Technologies Limited,,
EPIGRAL,Epigral Limited,,
EPL,EPL Limited,,
EQUITASBNK,Equitas Small Finance Bank Limited,,
ERIS,Eris Lifesciences Limited,Healthcare,NIFTY500
ESABINDIA,Esab India Limited,,
ESCORTS,Escorts Kubota Limited,Capital Goods,NIFTY500
ESSARSHPNG,Essar Shipping Limited,,
ESSENTIA,Integra Essentia Limited,,
ESTER,Ester Industries Limited,,
ETERNAL,ETERNAL LIMITED,Consumer Services,NIFTY50|NIFTY500
ETHOSLTD,Ethos Limited,,
EUREKAFORB,Eureka Forbes Limited,,
EUROBOND,Euro Panel Products Limited,,
EUROPRATIK,Euro Pratik Sales Limited,,
EVEREADY,Eveready Industries India Limited,,
EXCELINDUS,Excel Industries Limited,,
EXCELSOFT,Excelsoft Technologies Limited,,
EXICOM,Exicom Tele-Systems Limited,,
EXIDEIND,Exide Industries Limited,Automobile and Auto Components,NIFTY500
EXPLEOSOL,Expleo Solutions Limited,,
EXXARO,Exxaro Tiles Limited,,
FABTECH,Fabtech Technologies Limited,,
FACT,Fertilizers and Chemicals Travancore Limited,Chemicals,NIFTY500
FAZE3Q,Faze Three Limited,,
FCL,Fineotex Chemical Limited,,
FCSSOFT,FCS Software Solutions Limited,,
FDC,FDC Limited,,
FEDDERSHOL,Fedders Holding Limited,,
FEDERALBNK,The Federal Bank  Limited,Financial Services,NIFTY500
FEDFINA,Fedbank Financial Services Limited,,
FERMENTA,Fermenta Biotech Limited,,
FIBERWEB,Fiberweb (India) Limited,,
FIEMIND,Fiem Industries Limited,,
FILATEX,Filatex India Limited,,
FILATFASH,Filatex Fashions Limited,,
FINCABLES,Finolex Cables Limited,Capital Goods,NIFTY500
FINEORG,Fine Organic Industries Limited,,
FINKURVE,Finkurve Financial Services Limited,,
FINOPB,Fino Payments Bank Limited,,
FINPIPE,Finolex Industries Limited,,
FIRSTCRY,Brainbees Solutions Limited,Consumer Services,NIFTY500
FISCHER,Fischer Medical Ventures Limited,,
FIVESTAR,Five-Star Business Finance Limited,Financial Services,NIFTY500
FLAIR,Flair Writing Industries Limited,,
FLUOROCHEM,Gujarat Fluorochemicals Limited,Chemicals,NIFTY500
FMGOETZE,Federal-Mogul Goetze (India) Limited.,,
FOODSIN,Foods & Inns Limited,,
FORCEMOT,FORCE MOTORS LTD,Automobile and Auto Components,NIFTY500
FORTIS,Fortis Healthcare Limited,Healthcare,NIFTY500
FOSECOIND,Foseco India Limited,,
FRACTAL,Fractal Analytics Limited,,
FRONTSP,Frontier Springs Limited,,
FSL,Firstsource Solutions Limited,Services,NIFTY500
FUSION,Fusion Finance Limited,,
GABRIEL,Gabriel India Limited,Automobile and Auto Components,NIFTY500
GAEL,Gujarat Ambuja Exports Limited,,
GAIL,GAIL (India) Limited,Oil Gas & Consumable Fuels,NIFTY500
GALAPREC,Gala Precision Engineering Limited,,
GALAXYSURF,Galaxy Surfactants Limited,,
GALLANTT,Gallantt Ispat Limited,Capital Goods,NIFTY500
GANDHAR,Gandhar Oil Refinery (India) Limited,,
GANDHITUBE,Gandhi Special Tubes Limited,,
GANECOS,Ganesha Ecosphere Limited,,
GANESHCP,Ganesh Consumer Products Limited,,
GANESHHOU,GANESH HOUSING LIMITED,,
GANGAFORGE,Ganga Forging Limited,,
GANGESSECU,Ganges Securities Limited,,
GARFIBRES,Garware Technical Fibres Limited,,
GARUDA,Garuda Construction and Engineering Limited,,
GATEWAY,Gateway Distriparks Limited,,
GAYAHWS,Gayatri Highways Limited,,
GCSL,Gretex Corporate Services Limited,,
GEEKAYWIRE,Geekay Wires Limited,,
GEMAROMA,Gem Aromatics Limited,,
GENCON,Generic Engineering Construction and Projects Limited,,
GENESYS,Genesys International Corporation Limited,,
GENUSPAPER,Genus Paper & Boards Limited,,
GENUSPOWER,Genus Power Infrastructures Limited,,
GEOJITFSL,Geojit Financial Services Limited,,
GESHIP,The Great Eastern Shipping Company Limited,Services,NIFTY500
GFLLIMITED,GFL Limited,,
GHCL,GHCL Limited,,
GHCLTEXTIL,GHCL Textiles Limited,,
GICHSGFIN,GIC Housing Finance Limited,,
GICL,Globe International Carriers Limited,,
GICRE,General Insurance Corporation of India,Financial Services,NIFTY500
GILLANDERS,Gillanders Arbuthnot & Company Limited,,
GILLETTE,Gillette India Limited,Fast Moving Consumer Goods,NIFTY500
GIPCL,Gujarat Industries Power Company Limited,,
GKENERGY,GK Energy Limited,,
GKSL,Gujarat Kidney And Super Speciality Limited,,
GKWLIMITED,GKW Limited,,
GLAND,Gland Pharma Limited,Healthcare,NIFTY500
GLAXO,GlaxoSmithKline Pharmaceuticals Limited,Healthcare,NIFTY500
GLENMARK,Glenmark Pharmaceuticals Limited,Healthcare,NIFTY500
GLFL,Gujarat Lease Financing Limited,,
GLOBAL,Global Education Limited,,
GLOBALE,Globale Tessile Limited,,
GLOBALVECT,Global Vectra Helicorp Limited,,
GLOBE,GLOBE ENTERPRISES (INDIA) LIMITED,,
GLOBECIVIL,Globe Civil Projects Limited,,
GLOBUSSPR,Globus Spirits Limited,,
GLOSTERLTD,Gloster Limited,,
GMBREW,GM Breweries Limited,,
GMDCLTD,Gujarat Mineral Development Corporation Limited,Metals & Mining,NIFTY500
GMMPFAUDLR,GMM Pfaudler Limited,,
GMRAIRPORT,GMR AIRPORTS LIMITED,Services,NIFTY500
GMRP&UI,GMR Power and Urban Infra Limited,,
GNA,GNA Axles Limited,,
GNFC,Gujarat Narmada Valley Fertilizers and Chemicals Limited,,
GNRL,Gujarat Natural Resources Limited,,
GOACARBON,Goa Carbon Limited,,
GOCLCORP,GOCL Corporation Limited,,
GOCOLORS,Go Fashion (India) Limited,,
GODAVARIB,Godavari Biorefineries Limited,,
GODFRYPHLP,Godfrey Phillips India Limited,Fast Moving Consumer Goods,NIFTY500
GODIGIT,Go Digit General Insurance Limited,Financial Services,NIFTY500
GODREJAGRO,Godrej Agrovet Limited,,
GODREJCP,Godrej Consumer Products Limited,Fast Moving Consumer Goods,NIFTY500
GODREJIND,Godrej Industries Limited,Diversified,NIFTY500
GODREJPROP,Godrej Properties Limited,Realty,NIFTY500
GOKEX,Gokaldas Exports Limited,,
GOKUL,Gokul Refoils and Solvent Limited,,
GOKULAGRO,Gokul Agro Resources Limited,,
GOLDIAM,Goldiam International Limited,,
GOODLUCK,Goodluck India Limited,,
GOODYEAR,Goodyear India Limited,,
GOPAL,Gopal Snacks Limited,,
GOYALALUM,Goyal Aluminiums Limited,,
GPIL,Godawari Power And Ispat limited,Capital Goods,NIFTY500
GPPL,Gujarat Pipavav Port Limited,,
GPTHEALTH,GPT Healthcare Limited,,
GPTINFRA,GPT Infraprojects Limited,,
GRADIENTE,Gradiente Infotainment Limited,,
GRANDOAK,Grand Oak Canyons Distillery Limited,,
GRANULES,Granules India Limited,Healthcare,NIFTY500
GRAPHITE,Graphite India Limited,Capital Goods,NIFTY500
GRASIM,Grasim Industries Limited,Construction Materials,NIFTY50|NIFTY500
GRAUWEIL,Grauer & Weil India Limited,,
GRAVISSHO,Graviss Hospitality Limited,,
GRAVITA,Gravita India Limited,Metals & Mining,NIFTY500
GREAVESCOT,Greaves Cotton Limited,,
GREENLAM,Greenlam Industries Limited,,
GREENPANEL,Greenpanel Industries Limited,,
GREENPLY,Greenply Industries Limited,,
GREENPOWER,Orient Green Power Company Limited,,
GRINDWELL,Grindwell Norton Limited,,
GRINFRA,G R Infraprojects Limited,,
GRMOVER,GRM Overseas Limited,,
GROBTEA,The Grob Tea Company Limited,,
GROWW,Billionbrains Garage Ventures Limited,Financial Services,NIFTY500
GRPLTD,GRP Limited,,
GRSE,Garden Reach Shipbuilders & Engineers Limited,Capital Goods,NIFTY500
GRWRHITECH,Garware Hi-Tech Films Limited,,
GSFC,Gujarat State Fertilizers & Chemicals Limited,,
GSLSU,Global Surfaces Limited,,
GSPCROP,GSP Crop Science Limited,,
GSS,GSS Infotech Limited,,
GTL,GTL Limited,,
GTLINFRA,GTL Infrastructure Limited,,
GTPL,GTPL Hathway Limited,,
GUFICBIO,Gufic Biosciences Limited,,
GUJALKALI,Gujarat Alkalies and Chemicals Limited,,
GUJAPOLLO,Gujarat Apollo Industries Limited,,
GUJENERGY,GUJARAT ENERGY LIMITED,,
GUJRAFFIA,Gujarat Raffia Industries Limited,,
GUJTHEM,Gujarat Themis Biosyn Limited,,
GULFOILLUB,Gulf Oil Lubricants India Limited,,
GULPOLY,Gulshan Polyols Limited,,
GVPIL,GE Power India Limited,,
GVPTECH,GVP Infotech Limited,,
GVT&D,GE Vernova T&D India Limited,Capital Goods,NIFTY500
GYFTR,Gyftr Limited,,
HAL,Hindustan Aeronautics Limited,Capital Goods,NIFTY500
HALDER,Halder Venture Limited,,
HALEOSLABS,HALEOS LABS LIMITED,,
HAPPSTMNDS,Happiest Minds Technologies Limited,,
HAPPYFORGE,Happy Forgings Limited,,
HARDWYN,Hardwyn India Limited,,
HARIOMPIPE,Hariom Pipe Industries Limited,,
HARRMALAYA,Harrisons  Malayalam Limited,,
HARSHA,Harsha Engineers International Limited,,
HATHWAY,Hathway Cable & Datacom Limited,,
HATSUN,Hatsun Agro Product Limited,,
HAVELLS,Havells India Limited,Consumer Durables,NIFTY500
HAVISHA,Sri Havisha Hospitality and Infrastructure Limited,,
HAWKINCOOK,Hawkins Cookers Limited,,
HBESD,HB Estate Developers Limited,,
HBLENGINE,HBL Engineering Limited,Capital Goods,NIFTY500
HBSL,HB Stockholdings Limited,,
HCC,Hindustan Construction Company Limited,,
HCG,Healthcare Global Enterprises Limited,,
HCL-INSYS,HCL Infosystems Limited,,
HCLTECH,HCL Technologies Limited,Information Technology,NIFTY50|NIFTY500
HDBFS,HDB Financial Services Limited,Financial Services,NIFTY500
HDFCAMC,HDFC Asset Management Company Limited,Financial Services,NIFTY500
HDFCBANK,HDFC Bank Limited,Financial Services,NIFTY50|NIFTY500
HDFCLIFE,HDFC Life Insurance Company Limited,Financial Services,NIFTY50|NIFTY500
HEADSUP,Heads UP Ventures Limited,,
HEALTHX,Health X Platform Limited,,
HECPROJECT,HEC Infra Projects Limited,,
HEG,HEG Limited,Capital Goods,NIFTY500
HEIDELBERG,HeidelbergCement India Limited,,
HEMIPROP,Hemisphere Properties India Limited,,
HERANBA,Heranba Industries Limited,,
HERITGFOOD,Heritage Foods Limited,,
HEROMOTOCO,Hero MotoCorp Limited,Automobile and Auto Components,NIFTY500
HESTERBIO,Hester Biosciences Limited,,
HEXATRADEX,Hexa Tradex Limited,,
HEXT,Hexaware Technologies Limited,Information Technology,NIFTY500
HFCL,HFCL Limited,Telecommunication,NIFTY500
HGINFRA,H.G. Infra Engineering Limited,,
HGM,HandsOn Global Management (HGM) Limited,,
HGS,Hinduja Global Solutions Limited,,
HIKAL,Hikal Limited,,
HILINFRA,Highway Infrastructure Limited,,
HIMATSEIDE,Himatsingka Seide Limited,,
HINDALCO,Hindalco Industries Limited,Metals & Mining,NIFTY50|NIFTY500
HINDCOMPOS,Hindustan Composites Limited,,
HINDCON,Hindcon Chemicals Limited,,
HINDCOPPER,Hindustan Copper Limited,Metals & Mining,NIFTY500
HINDOILEXP,Hindustan Oil Exploration Company Limited,,
HINDPETRO,Hindustan Petroleum Corporation Limited,Oil Gas & Consumable Fuels,NIFTY500
HINDUNILVR,Hindustan Unilever Limited,Fast Moving Consumer Goods,NIFTY50|NIFTY500
HINDWAREAP,Hindware Home Innovation Limited,,
HINDZINC,Hindustan Zinc Limited,Metals & Mining,NIFTY500
HIRECT,Hind Rectifiers Limited,,
HISARMETAL,Hisar Metal Industries Limited,,
HITECH,Hi-Tech Pipes Limited,,
HLEGLAS,HLE Glascoat Limited,,
HLVLTD,HLV LIMITED,,
HMAAGRO,HMA Agro Industries Limited,,
HNDFDS,Hindustan Foods Limited,,
HOMEFIRST,Home First Finance Company India Limited,Financial Services,NIFTY500
HONASA,Honasa Consumer Limited,Fast Moving Consumer Goods,NIFTY500
HONAUT,Honeywell Automation India Limited,Capital Goods,NIFTY500
HONDAPOWER,Honda India Power Products Limited,,
HPAL,HP Adhesives Limited,,
HPIL,Hindprakash Industries Limited,,
HPL,HPL Electric & Power Limited,,
HSCL,Himadri Speciality Chemical Limited,Chemicals,NIFTY500
HTMEDIA,HT Media Limited,,
HUBTOWN,Hubtown Limited,,
HUDCO,Housing & Urban Development Corporation Limited,Financial Services,NIFTY500
HUHTAMAKI,Huhtamaki India Limited,,
HYUNDAI,Hyundai Motor India Limited,Automobile and Auto Components,NIFTY500
IBULLSLTD,Indiabulls Limited,,
ICDSLTD,ICDS Limited,,
ICEMAKE,Ice Make Refrigeration Limited,,
ICICIAMC,ICICI Prudential Asset Management Company Limited,Financial Services,NIFTY500
ICICIBANK,ICICI Bank Limited,Financial Services,NIFTY50|NIFTY500
ICICIGI,ICICI Lombard General Insurance Company Limited,Financial Services,NIFTY500
ICICIPRULI,ICICI Prudential Life Insurance Company Limited,Financial Services,NIFTY500
ICIL,Indo Count Industries Limited,,
ICRA,ICRA Limited,,
IDBI,IDBI Bank Limited,Financial Services,NIFTY500
IDEA,Vodafone Idea Limited,Telecommunication,NIFTY500
IDEAFORGE,Ideaforge Technology Limited,,
IDFCFIRSTB,IDFC First Bank Limited,Financial Services,NIFTY500
IEX,Indian Energy Exchange Limited,Financial Services,NIFTY500
IFBIND,IFB Industries Limited,,
IFCI,IFCI Limited,Financial Services,NIFTY500
IFGLEXPOR,IFGL Refractories Limited,,
IGARASHI,Igarashi Motors India Limited,,
IGCL,Indogulf Cropsciences Limited,,
IGIL,International Gemological Institute Limited,Services,NIFTY500
IGL,Indraprastha Gas Limited,Oil Gas & Consumable Fuels,NIFTY500
IGPL,IG Petrochemicals Limited,,
IIFL,IIFL Finance Limited,Financial Services,NIFTY500
IIFLCAPS,IIFL Capital Services Limited,,
IITL,Industrial Investment Trust Limited,,
IKIO,IKIO Technologies Limited,,
IKS,Inventurus Knowledge Solutions Limited,Information Technology,NIFTY500
IMAGICAA,Imagicaaworld Entertainment Limited,,
IMFA,Indian Metals & Ferro Alloys Limited,,
IMPAL,India Motor Parts and Accessories Limited,,
INA,Insolation Energy Limited,,
INCREDIBLE,INCREDIBLE INDUSTRIES LIMITED,,
INDBANK,Indbank Merchant Banking Services Limited,,
INDGN,Indegene Limited,Healthcare,NIFTY500
INDHOTEL,The Indian Hotels Company Limited,Consumer Services,NIFTY500
INDIACEM,The India Cements Limited,Construction Materials,NIFTY500
INDIAGLYCO,India Glycols Limited,,
INDIAMART,Indiamart Intermesh Limited,Consumer Services,NIFTY500
INDIANB,Indian Bank,Financial Services,NIFTY500
INDIANCARD,Indian Card Clothing Company Limited,,
INDIANHUME,Indian Hume Pipe Company Limited,,
INDIASHLTR,India Shelter Finance Corporation Limited,,
INDIGO,InterGlobe Aviation Limited,Services,NIFTY50|NIFTY500
INDIGOPNTS,Indigo Paints Limited,,
INDIQUBE,Indiqube Spaces Limited,,
INDNIPPON,India Nippon Electricals Limited,,
INDOBORAX,Indo Borax & Chemicals Limited,,
INDOCO,Indoco Remedies Limited,,
INDOFARM,Indo Farm Equipment Limited,,
INDOMIM,INDO-MIM Limited,,
INDORAMA,Indo Rama Synthetics (India) Limited,,
INDOSTAR,IndoStar Capital Finance Limited,,
INDOTECH,Indo Tech Transformers Limited,,
INDOTHAI,Indo Thai Securities Limited,,
INDOUS,Indo Us Biotech Limited,,
INDOWIND,Indowind Energy Limited,,
INDPRUD,Industrial & Prudential Investment Company Limited,,
INDRAMEDCO,Indraprastha Medical Corporation Limited,,
INDSWFTLAB,Ind-Swift Laboratories Limited,,
INDTERRAIN,Indian Terrain Fashions Limited,,
INDUSINDBK,IndusInd Bank Limited,Financial Services,NIFTY500
INDUSTOWER,Indus Towers Limited,Telecommunication,NIFTY500
INFOBEAN,InfoBeans Technologies Limited,,
INFOMEDIA,Infomedia Press Limited,,
INFY,Infosys Limited,Information Technology,NIFTY50|NIFTY500
INGERRAND,Ingersoll Rand (India) Limited,,
INNOVACAP,Innova Captab Limited,,
INNOVANA,Innovana Thinklabs Limited,,
INNOVISION,Innovision Limited,,
INOXGREEN,Inox Green Energy Services Limited,,
INOXINDIA,INOX India Limited,,
INOXWIND,Inox Wind Limited,Capital Goods,NIFTY500
INSECTICID,Insecticides (India) Limited,,
INTELLECT,Intellect Design Arena Limited,Information Technology,NIFTY500
INTENTECH,Intense Technologies Limited,,
INTERARCH,Interarch Building Solutions Limited,,
INTLCONV,International Conveyors Limited,,
INVENTURE,Inventure Growth & Securities Limited,,
IOB,Indian Overseas Bank,Financial Services,NIFTY500
IOC,Indian Oil Corporation Limited,Oil Gas & Consumable Fuels,NIFTY500
IOLCP,IOL Chemicals and Pharmaceuticals Limited,,
IONEXCHANG,ION Exchange (India) Limited,,
IPCALAB,IPCA Laboratories Limited,Healthcare,NIFTY500
IPL,India Pesticides Limited,,
IRB,IRB Infrastructure Developers Limited,Construction,NIFTY500
IRCON,Ircon International Limited,Construction,NIFTY500
IRCTC,Indian Railway Catering And Tourism Corporation Limited,Consumer Services,NIFTY500
IREDA,Indian Renewable Energy Development Agency Limited,Financial Services,NIFTY500
IRFC,Indian Railway Finance Corporation Limited,Financial Services,NIFTY500
IRIS,IRIS RegTech Solutions Limited,,
IRISDOREME,Iris Clothings Limited,,
IRMENERGY,IRM Energy Limited,,
ISFT,Intrasoft Technologies Limited,,
ISGEC,Isgec Heavy Engineering Limited,,
ISHANCH,Ishan Dyes and Chemicals Limited,,
ITC,ITC Limited,Fast Moving Consumer Goods,NIFTY50|NIFTY500
ITCHOTELS,ITC Hotels Limited,Consumer Services,NIFTY500
ITDC,India Tourism Development Corporation Limited,,
ITI,ITI Limited,Telecommunication,NIFTY500
IVALUE,Ivalue Infosolutions Limited,,
IVC,IL&FS Investment Managers Limited,,
IWP,The Indian Wood Products Company Limited,,
IXIGO,Le Travenues Technology Limited,,
IZMO,IZMO Limited,,
J&KBANK,The Jammu & Kashmir Bank Limited,Financial Services,NIFTY500
JAGRAN,Jagran Prakashan Limited,,
JAGSNPHARM,Jagsonpal Pharmaceuticals Limited,,
JAIBALAJI,Jai Balaji Industries Limited,,
JAICORPLTD,Jai Corp Limited,,
JAINREC,Jain Resource Recycling Limited,Metals & Mining,NIFTY500
JAIPURKURT,Nandani Creation Limited,,
JAMNAAUTO,Jamna Auto Industries Limited,,
JARO,Jaro Institute of Technology Management and Research Limited,,
JASH,Jash Engineering Limited,,
JAYAGROGN,Jayant Agro Organics Limited,,
JAYBARMARU,Jay Bharat Maruti Limited,,
JAYKAY,Jaykay Enterprises Limited,,
JAYNECOIND,Jayaswal Neco Industries Limited,,
JAYSREETEA,Jayshree Tea & Industries Limited,,
JBMA,JBM Auto Limited,Automobile and Auto Components,NIFTY500
JETFREIGHT,Jet Freight Logistics Limited,,
JGCHEM,J.G.Chemicals Limited,,
JHS,JHS Svendgaard Laboratories Limited,,
JINDALPHOT,Jindal Photo Limited,,
JINDALPOLY,Jindal Poly Films Limited,,
JINDALSAW,Jindal Saw Limited,Capital Goods,NIFTY500
JINDALSTEL,JINDAL STEEL LIMITED,Metals & Mining,NIFTY500
JINDRILL,Jindal Drilling And Industries Limited,,
JINDWORLD,Jindal Worldwide Limited,,
JIOFIN,Jio Financial Services Limited,Financial Services,NIFTY50|NIFTY500
JISLDVREQS,Jain Irrigation Systems Limited,,
JISLJALEQS,Jain Irrigation Systems Limited,,
JITFINFRA,JITF Infralogistics Limited,,
JKCEMENT,JK Cement Limited,Construction Materials,NIFTY500
JKIL,J.Kumar Infraprojects Limited,,
JKIPL,Jinkushal Industries Limited,,
JKLAKSHMI,JK Lakshmi Cement Limited,,
JKPAPER,JK Paper Limited,,
JKTYRE,JK Tyre & Industries Limited,Automobile and Auto Components,NIFTY500
JLHL,Jupiter Life Line Hospitals Limited,,
JMA,Jullundur Motor Agency (Delhi) Limited,,
JMFINANCIL,JM Financial Limited,Financial Services,NIFTY500
JNKINDIA,JNK India Limited,,
JNPR,Juniper Green Energy Limited,,
JPOLYINVST,Jindal Poly Investment and Finance Company Limited,,
JPPOWER,Jaiprakash Power Ventures Limited,Power,NIFTY500
JSFB,Jana Small Finance Bank Limited,,
JSL,Jindal Stainless Limited,Metals & Mining,NIFTY500
JSLL,Jeena Sikho Lifecare Limited,,
JSWCEMENT,JSW Cement Limited,Construction Materials,NIFTY500
JSWDULUX,JSW Dulux Limited,Consumer Durables,NIFTY500
JSWENERGY,JSW Energy Limited,Power,NIFTY500
JSWHL,JSW Holdings Limited,,
JSWINFRA,JSW Infrastructure Limited,Services,NIFTY500
JSWSTEEL,JSW Steel Limited,Metals & Mining,NIFTY50|NIFTY500
JTEKTINDIA,Jtekt India Limited,,
JTLIND,JTL INDUSTRIES LIMITED,,
JUBLCPL,Jubilant Agri and Consumer Products Limited,,
JUBLFOOD,Jubilant Foodworks Limited,Consumer Services,NIFTY500
JUBLINGREA,Jubilant Ingrevia Limited,Chemicals,NIFTY500
JUBLPHARMA,Jubilant Pharmova Limited,Healthcare,NIFTY500
JUNIPER,Juniper Hotels Limited,,
JUSTDIAL,Just Dial Limited,,
JWL,Jupiter Wagons Limited,Capital Goods,NIFTY500
JYOTHYLAB,Jyothy Labs Limited,,
JYOTICNC,Jyoti CNC Automation Limited,Capital Goods,NIFTY500
JYOTISTRUC,Jyoti Structures Limited,,
KABRAEXTRU,Kabra Extrusion Technik Limited,,
KAJARIACER,Kajaria Ceramics Limited,Consumer Durables,NIFTY500
KAKATCEM,Kakatiya Cement Sugar & Industries Limited,,
KALAMANDIR,Sai Silks (Kalamandir) Limited,,
KALPATARU,Kalpataru Limited,,
KALYANIFRG,Kalyani Forge Limited,,
KALYANKJIL,Kalyan Jewellers India Limited,Consumer Durables,NIFTY500
KAMAHOLD,Kama Holdings Limited,,
KAMATHOTEL,Kamat Hotels (I) Limited,,
KAMOPAINTS,Kamdhenu Ventures Limited,,
KANANIIND,Kanani Industries Limited,,
KANCHI,Kanchi Karpooram Limited,,
KANPRPLA,Kanpur Plastipack Limited,,
KANSAINER,Kansai Nerolac Paints Limited,,
KAPSTON,Kapston Services Limited,,
KARMAENG,Karma Energy Limited,,
KARURVYSYA,Karur Vysya Bank Limited,Financial Services,NIFTY500
KAVDEFENCE,Kavveri Defence & Wireless Technologies Limited,,
KAYA,Kaya Limited,,
KAYNES,Kaynes Technology India Limited,Capital Goods,NIFTY500
KCP,KCP Limited,,
KDDL,KDDL Limited,,
KEC,KEC International Limited,Construction,NIFTY500
KECL,Kirloskar Electric Company Limited,,
KEEPLEARN,DSJ Keep Learning Limited,,
KEI,KEI Industries Limited,Capital Goods,NIFTY500
KELLTONTEC,Kellton Tech Solutions Limited,,
KENNAMET,Kennametal India Limited,,
KERNEX,Kernex Microsystems (India) Limited,,
KEYFINSERV,Keynote Financial Services Limited,,
KFINTECH,Kfin Technologies Limited,Financial Services,NIFTY500
KHAICHEM,Khaitan Chemicals & Fertilizers Limited,,
KHAITANLTD,Khaitan (India) Limited,,
KHANDSE,Khandwala Securities Limited,,
KICL,Kalyani Investment Company Limited,,
KIMS,Krishna Institute of Medical Sciences Limited,Healthcare,NIFTY500
KINGFA,Kingfa Science & Technology (India) Limited,,
KIOCL,KIOCL Limited,,
KIRANVYPAR,Kiran Vyapar Limited,,
KIRIINDUS,Kiri Industries Limited,,
KIRLFER,Kirloskar Ferrous Industries Limited,,
KIRLOSBROS,Kirloskar Brothers Limited,,
KIRLOSENG,Kirloskar Oil Engines Limited,Capital Goods,NIFTY500
KIRLOSIND,Kirloskar Industries Limited,,
KIRLPNU,Kirloskar Pneumatic Company Limited,,
KISSHT,OnEMI Technology Solutions Limited,,
KITEX,Kitex Garments Limited,,
KKCL,Kewal Kiran Clothing Limited,,
KLBRENG-B,Kilburn Engineering Limited,,
KMEW,Knowledge Marine & Engineering Works Limited,,
KMSUGAR,K.M.Sugar Mills Limited,,
KNACK,Knack Packaging Limited,,
KNAGRI,KN Agri Resources Limited,,
KNRCON,KNR Constructions Limited,,
KOHINOOR,Kohinoor Foods Limited,,
KOKUYOCMLN,Kokuyo Camlin Limited,,
KOLTEPATIL,Kolte - Patil Developers Limited,,
KOTAKBANK,Kotak Mahindra Bank Limited,Financial Services,NIFTY50|NIFTY500
KOTARISUG,Kothari Sugars And Chemicals Limited,,
KOTHARIPET,Kothari Petrochemicals Limited,,
KOTHARIPRO,Kothari Products Limited,,
KOTIC,Kothari Industrial Corporation Limited,,
KOVAI,Kovai Medical Center & Hospital Limited,,
KPEL,K.P. Energy Limited,,
KPIGREEN,KPI Green Energy Limited,,
KPIL,Kalpataru Projects International Limited,Construction,NIFTY500
KPITTECH,KPIT Technologies Limited,Information Technology,NIFTY500
KPL,Kwality Pharmaceuticals Limited,,
KPRMILL,K.P.R. Mill Limited,Textiles,NIFTY500
KRBL,KRBL Limited,,
KREBSBIO,Krebs Biochemicals and Industries Limited,,
KRISHANA,Krishana Phoschem Limited,,
KRISHIVAL,Krishival Foods Limited,,
KRISHNADEF,Krishna Defence And Allied Industries Limited,,
KRITI,Kriti Industries (India) Limited,,
KRITIKA,Kritika Wires Limited,,
KRITINUT,Kriti Nutrients Limited,,
KRN,KRN Heat Exchanger and Refrigeration Limited,,
KRONOX,Kronox Lab Sciences Limited,,
KROSS,Kross Limited,,
KRSNAA,Krsnaa Diagnostics Limited,,
KRYSTAL,Krystal Integrated Services Limited,,
KSB,Ksb Limited,,
KSCL,Kaveri Seed Company Limited,,
KSHINTL,KSH International Limited,,
KSHITIJPOL,Kshitij Polyline Limited,,
KSL,Kalyani Steels Limited,,
KSOLVES,Ksolves India Limited,,
KSR,KSR Footwear Limited,,
KTKBANK,The Karnataka Bank Limited,,
KUANTUM,Kuantum Papers Limited,,
KUSUMGAR,Kusumgar Limited,,
KWIL,Kwality Wall's (India) Limited,,
LAGNAM,Lagnam Spintex Limited,,
LAHOTIOV,Lahoti Overseas Limited,,
LAL,Lorenzini Apparels Limited,,
LALPATHLAB,Dr. Lal Path Labs Ltd.,Healthcare,NIFTY500
LAMBODHARA,Lambodhara Textiles Limited,,
LANCORHOL,Lancor Holdings Limited,,
LANDMARK,Landmark Cars Limited,,
LANDSMILL,Landsmill Green Limited,,
LAOPALA,La Opala RG Limited,,
LASA,Lasa Supergenerics Limited,,
LASERPOWER,Laser Power & Infra Limited,,
LATENTVIEW,Latent View Analytics Limited,Information Technology,NIFTY500
LAURUSLABS,Laurus Labs Limited,Healthcare,NIFTY500
LAXMICOT,Laxmi Cotspin Limited,,
LAXMIDENTL,Laxmi Dental Limited,,
LCCINFOTEC,LCC Infotech Limited,,
LCL,Lohia Corp Limited,,
LEAPIND,LEAP India Limited,,
LEMERITE,Le Merite Exports Limited,,
LEMONTREE,Lemon Tree Hotels Limited,Consumer Services,NIFTY500
LENSKART,Lenskart Solutions Limited,Consumer Services,NIFTY500
LEXUS,Lexus Granito (India) Limited,,
LFIC,Lakshmi Finance & Industrial Corporation Limited,,
LGBBROSLTD,LG Balakrishnan & Bros Limited,,
LGEINDIA,LG Electronics India Limited,Consumer Durables,NIFTY500
LGHL,Laxmi Goldorna House Limited,,
LIBAS,Libas Consumer Products Limited,,
LIBERTSHOE,Liberty Shoes Limited,,
LICHSGFIN,LIC Housing Finance Limited,Financial Services,NIFTY500
LICI,Life Insurance Corporation Of India,Financial Services,NIFTY500
LIKHITHA,Likhitha Infrastructure Limited,,
LINC,Linc Limited,,
LINCOLN,Lincoln Pharmaceuticals Limited,,
LINDEINDIA,Linde India Limited,Chemicals,NIFTY500
LLOYDSENGG,LLOYDS ENGINEERING WORKS LIMITED,,
LLOYDSENT,Lloyds Enterprises Limited,,
LLOYDSME,Lloyds Metals And Energy Limited,Metals & Mining,NIFTY500
LMW,LMW Limited,,
LODHA,Lodha Developers Limited,Realty,NIFTY500
LORDSCHLO,Lords Chloro Alkali Limited,,
LOTUSEYE,Lotus Eye Hospital and Institute Limited,,
LOVABLE,Lovable Lingerie Limited,,
LOYALTEX,Loyal Textile Mills Limited,,
LPDC,Landmark Property Development Company Limited,,
LT,Larsen & Toubro Limited,Construction,NIFTY50|NIFTY500
LTF,L&T Finance Limited,Financial Services,NIFTY500
LTFOODS,LT Foods Limited,Fast Moving Consumer Goods,NIFTY500
LTM,LTM Limited,Information Technology,NIFTY500
LTTS,L&T Technology Services Limited,Information Technology,NIFTY500
LUMAXIND,Lumax Industries Limited,,
LUMAXTECH,Lumax Auto Technologies Limited,,
LUPIN,Lupin Limited,Healthcare,NIFTY500
LUXIND,Lux Industries Limited,,
LXCHEM,Laxmi Organic Industries Limited,,
M&M,Mahindra & Mahindra Limited,Automobile and Auto Components,NIFTY50|NIFTY500
M&MFIN,Mahindra & Mahindra Financial Services Limited,Financial Services,NIFTY500
MAANALU,Maan Aluminium Limited,,
MACPOWER,Macpower CNC Machines Limited,,
MADHAV,Madhav Marbles and Granites Limited,,
MADHAVIPL,Madhav Infra Projects Limited,,
MADRASFERT,Madras Fertilizers Limited,,
MAFATIND,Mafatlal Industries Limited,,
MAGADSUGAR,Magadh Sugar & Energy Limited,,
MAGNUM,Magnum Ventures Limited,,
MAHABANK,Bank of Maharashtra,Financial Services,NIFTY500
MAHAPEXLTD,Maha Rashtra Apex Corporation Limited,,
MAHEPC,Mahindra EPC Irrigation Limited,,
MAHLIFE,Mahindra Lifespace Developers Limited,,
MAHLOG,Mahindra Logistics Limited,,
MAHSCOOTER,Maharashtra Scooters Limited,,
MAHSEAMLES,Maharashtra Seamless Limited,,
MAITHANALL,Maithan Alloys Limited,,
MALLCOM,Mallcom (India) Limited,,
MALUPAPER,Malu Paper Mills Limited,,
MAMATA,Mamata Machinery Limited,,
MANAKALUCO,Manaksia Aluminium Company Limited,,
MANAKCOAT,Manaksia Coated Metals & Industries Limited,,
MANAKSIA,Manaksia Limited,,
MANAKSTEEL,Manaksia Steels Limited,,
MANALIPETC,Manali Petrochemicals Limited,,
MANAPPURAM,Manappuram Finance Limited,Financial Services,NIFTY500
MANBA,Manba Finance Limited,,
MANCREDIT,Mangal Credit and Fincorp Limited,,
MANGALAM,Mangalam Drugs And Organics Limited,,
MANGLMCEM,Mangalam Cement Limited,,
MANINDS,Man Industries (India) Limited,,
MANINFRA,Man Infraconstruction Limited,,
MANIPALHOS,Manipal Health Enterprises Limited,,
MANKIND,Mankind Pharma Limited,Healthcare,NIFTY500
MANOMAY,Manomay Tex India Limited,,
MANORAMA,Manorama Industries Limited,,
MANORG,Mangalam Organics Limited,,
MANYAVAR,Vedant Fashions Limited,,
MAPMYINDIA,C.E. Info Systems Limited,Information Technology,NIFTY500
MARATHON,Marathon Nextgen Realty Limited,,
MARICO,Marico Limited,Fast Moving Consumer Goods,NIFTY500
MARINE,Marine Electricals (India) Limited,,
MARKOLINES,Markolines Pavement Technologies Limited,,
MARKSANS,Marksans Pharma Limited,,
MARSONS,Marsons Limited,,
MARUTI,Maruti Suzuki India Limited,Automobile and Auto Components,NIFTY50|NIFTY500
MASFIN,MAS Financial Services Limited,,
MASKINVEST,Mask Investments Limited,,
MASTEK,Mastek Limited,,
MASTERTR,Master Trust Limited,,
MATRIMONY,Matrimony.Com Limited,,
MAWANASUG,Mawana Sugars Limited,,
MAXESTATES,Max Estates Limited,,
MAXHEALTH,Max Healthcare Institute Limited,Healthcare,NIFTY50|NIFTY500
MAXIND,Max India Limited,,
MAYURUNIQ,Mayur Uniquoters Ltd,,
MAZDOCK,Mazagon Dock Shipbuilders Limited,Capital Goods,NIFTY500
MBAPL,Madhya Bharat Agro Products Limited,,
MBEL,M & B Engineering Limited,,
MBLINFRA,MBL Infrastructure Limited,,
MCCHRLS-B,Mac Charles India Limited,,
MCL,M TEK COPPER LIMITED,,
MCLEODRUSS,Mcleod Russel India Limited,,
MCLOUD,Magellanic Cloud Limited,,
MCX,Multi Commodity Exchange of India Limited,Financial Services,NIFTY500
MEDANTA,Global Health Limited,Healthcare,NIFTY500
MEDIASSIST,Medi Assist Healthcare Services Limited,,
MEDICAMEQ,Medicamen Biotech Limited,,
MEDICO,Medico Remedies Limited,,
MEDPLUS,Medplus Health Services Limited,,
MEESHO,Meesho Limited,Consumer Services,NIFTY500
MEGASTAR,Megastar Foods Limited,,
MEIL,Mangal Electrical Industries Limited,,
MENNPIS,Menon Pistons Limited,,
MERCANTILE,Mercantile Ventures Limited,,
MERCURYEV,Mercury Ev-Tech Limited,,
METROBRAND,Metro Brands Limited,,
METROGLOBL,Metroglobal Limited,,
METROPOLIS,Metropolis Healthcare Limited,,
MFML,Mahalaxmi Fabric Mills Limited,,
MFSL,Max Financial Services Limited,Financial Services,NIFTY500
MGL,Mahanagar Gas Limited,Oil Gas & Consumable Fuels,NIFTY500
MHLXMIRU,Mahalaxmi Rubtech Limited,,
MHRIL,Mahindra Holidays & Resorts India Limited,,
MIDHANI,Mishra Dhatu Nigam Limited,,
MIDWESTLTD,Midwest Limited,,
MINDACORP,Minda Corporation Limited,Automobile and Auto Components,NIFTY500
MINDTECK,Mindteck (India) Limited,,
MIRZAINT,Mirza International Limited,,
MITTAL,Mittal Life Style Limited,,
MKPL,M K Proteins Limited,,
MMFL,MM Forgings Limited,,
MMP,MMP Industries Limited,,
MMTC,MMTC Limited,Services,NIFTY500
MMWL,Media Matrix Worldwide Limited,,
MOBIKWIK,One Mobikwik Systems Limited,,
MODIRUBBER,Modi Rubber Limited,,
MODIS,Modis Navnirman Limited,,
MODTHREAD,Modern Threads (India) Limited,,
MOHITIND,Mohit Industries Limited,,
MOIL,MOIL Limited,,
MOKSH,Moksh Ornaments Limited,,
MOL,Meghmani Organics Limited,,
MOLDTKPAC,Mold-Tek Packaging Limited,,
MONARCH,Monarch Networth Capital Limited,,
MONEYBOXX,Moneyboxx Finance Limited,,
MONTECARLO,Monte Carlo Fashions Limited,,
MOREPENLAB,Morepen Laboratories Limited,,
MOSCHIP,Moschip Technologies Limited,,
MOTHERSON,Samvardhana Motherson International Limited,Automobile and Auto Components,NIFTY500
MOTILALOFS,Motilal Oswal Financial Services Limited,Financial Services,NIFTY500
MOTISONS,Motisons Jewellers Limited,,
MPHASIS,MphasiS Limited,Information Technology,NIFTY500
MPSLTD,MPS Limited,,
MRF,MRF Limited,Automobile and Auto Components,NIFTY500
MRPL,Mangalore Refinery and Petrochemicals Limited,Oil Gas & Consumable Fuels,NIFTY500
MSPL,MSP Steel & Power Limited,,
MSTCLTD,Mstc Limited,,
MSUMI,Motherson Sumi Wiring India Limited,Automobile and Auto Components,NIFTY500
MTNL,Mahanagar Telephone Nigam Limited,,
MUFIN,Mufin Green Finance Limited,,
MUFTI,Credo Brands Marketing Limited,,
MUKANDLTD,Mukand Limited,,
MUKKA,Mukka Proteins Limited,,
MUNJALAU,Munjal Auto Industries Limited,,
MUNJALSHOW,Munjal Showa Limited,,
MURUDCERA,Murudeshwar Ceramics Limited,,
MUTHOOTCAP,Muthoot Capital Services Limited,,
MUTHOOTFIN,Muthoot Finance Limited,Financial Services,NIFTY500
MUTHOOTMF,Muthoot Microfin Limited,,
MVELECTRO,MV Electrosystems Limited,,
MVGJL,Manoj Vaibhav Gems N Jewellers Limited,,
MWL,Mangalam Worldwide Limited,,
NACLIND,NACL Industries Limited,,
NAGREEKCAP,Nagreeka Capital & Infrastructure Limited,,
NAGREEKEXP,Nagreeka Exports Limited,,
NAHARCAP,Nahar Capital and Financial Services Limited,,
NAHARINDUS,Nahar Industrial Enterprises Limited,,
NAHARPOLY,Nahar Poly Films Limited,,
NAHARSPING,Nahar Spinning Mills Limited,,
NAM-INDIA,Nippon Life India Asset Management Limited,Financial Services,NIFTY500
NARMADA,Narmada Agrobase Limited,,
NATCAPSUQ,Natural Capsules Limited,,
NATCOPHARM,Natco Pharma Limited,Healthcare,NIFTY500
NATHBIOGEN,Nath Bio-Genes (India) Limited,,
NATIONALUM,National Aluminium Company Limited,Metals & Mining,NIFTY500
NATIONSTD,National Standard (India) Limited,,
NAUKRI,Info Edge (India) Limited,Consumer Services,NIFTY500
NAVA,NAVA LIMITED,Power,NIFTY500
NAVINFLUOR,Navin Fluorine International Limited,Chemicals,NIFTY500
NAVKARCORP,Navkar Corporation Limited,,
NAVNETEDUL,Navneet Education Limited,,
NAZARA,Nazara Technologies Limited,,
NBCC,NBCC (India) Limited,Construction,NIFTY500
NBIFIN,N. B. I. Industrial Finance Company Limited,,
NCC,NCC Limited,Construction,NIFTY500
NCLIND,NCL Industries Limited,,
NDGL,Naga Dhunseri Group Limited,,
NDL,Nandan Denim Limited,,
NDLVENTURE,NDL Ventures Limited,,
NDRAUTO,Ndr Auto Components Limited,,
NDTV,New Delhi Television Limited,,
NEAGI,Neelamalai Agro Industries Limited,,
NELCAST,Nelcast Limited,,
NELCO,NELCO Limited,,
NEOGEN,Neogen Chemicals Limited,,
NEPHROPLUS,Nephrocare Health Services Limited,,
NESCO,Nesco Limited,,
NESTLEIND,Nestle India Limited,Fast Moving Consumer Goods,NIFTY50|NIFTY500
NETWEB,Netweb Technologies India Limited,Information Technology,NIFTY500
NETWORK18,Network18 Media & Investments Limited,,
NEULANDLAB,Neuland Laboratories Limited,Healthcare,NIFTY500
NEWGEN,Newgen Software Technologies Limited,Information Technology,NIFTY500
NEXTMEDIA,Next Mediaworks Limited,,
NFL,National Fertilizers Limited,,
NGLFINE,NGL Fine-Chem Limited,,
NH,Narayana Hrudayalaya Ltd.,Healthcare,NIFTY500
NHPC,NHPC Limited,Power,NIFTY500
NIACL,The New India Assurance Company Limited,Financial Services,NIFTY500
NIBE,NIBE Limited,,
NIBL,NRB Industrial Bearings Limited,,
NIITLTD,NIIT Limited,,
NIITMTS,NIIT Learning Systems Limited,,
NILAINFRA,Nila Infrastructures Limited,,
NILASPACES,Nila Spaces Limited,,
NILE,Nile Limited,,
NILKAMAL,Nilkamal Limited,,
NIMBSPROJ,Nimbus Projects Limited,,
NINSYS,NINtec Systems Limited,,
NIPPOBATRY,Indo-National Limited,,
NIRAJISPAT,Niraj Ispat Industries Limited,,
NIRLON,Nirlon Limited,,
NITCO,Nitco Limited,,
NITINSPIN,Nitin Spinners Limited,,
NITIRAJ,Nitiraj Engineers Limited,,
NITTAGELA,Nitta Gelatin India Limited,,
NIVABUPA,Niva Bupa Health Insurance Company Limited,Financial Services,NIFTY500
NKIND,NK Industries Limited,,
NLCINDIA,NLC India Limited,Power,NIFTY500
NMDC,NMDC Limited,Metals & Mining,NIFTY500
NOCIL,NOCIL Limited,,
NORBTEAEXP,Norben Tea & Exports Limited,,
NORTHARC,Northern Arc Capital Limited,,
NOVARTIND,Novartis India Limited,,
NPST,Network People Services Technologies Limited,,
NRAIL,N R Agarwal Industries Limited,,
NRBBEARING,NRB Bearing Limited,,
NSIL,Nalwa Sons Investments Limited,,
NSLNISP,NMDC Steel Limited,Metals & Mining,NIFTY500
NTPC,NTPC Limited,Power,NIFTY50|NIFTY500
NTPCGREEN,NTPC Green Energy Limited,Power,NIFTY500
NUCLEUS,Nucleus Software Exports Limited,,
NUVAMA,Nuvama Wealth Management Limited,Financial Services,NIFTY500
NUVOCO,Nuvoco Vistas Corporation Limited,Construction Materials,NIFTY500
NYKAA,FSN E-Commerce Ventures Limited,Consumer Services,NIFTY500
OAL,Oriental Aromatics Limited,,
OBCL,OBCL Limited,,
OBEROIRLTY,Oberoi Realty Limited,Realty,NIFTY500
ODIGMA,Odigma Consultancy Solutions Limited,,
OFSS,Oracle Financial Services Software Limited,Information Technology,NIFTY500
OIL,Oil India Limited,Oil Gas & Consumable Fuels,NIFTY500
OLAELEC,Ola Electric Mobility Limited,Automobile and Auto Components,NIFTY500
OLECTRA,Olectra Greentech Limited,Automobile and Auto Components,NIFTY500
OMAXAUTO,Omax Autos Limited,,
OMAXE,Omaxe Limited,,
OMINFRAL,OM INFRA LIMITED,,
OMNI,Omnitech Engineering Limited,,
OMPOWER,Om Power Transmission Limited,,
ONEPOINT,One Point One Solutions Limited,,
ONESOURCE,Onesource Specialty Pharma Limited,Healthcare,NIFTY500
ONGC,Oil & Natural Gas Corporation Limited,Oil Gas & Consumable Fuels,NIFTY50|NIFTY500
ONIDA,Onida Electronics Limited,,
ONWARDTEC,Onward Technologies Limited,,
OPTIEMUS,Optiemus Infracom Limited,,
ORCHASP,Orchasp Limited,,
ORCHPHARMA,Orchid Pharma Limited,,
ORICONENT,Oricon Enterprises Limited,,
ORIENTALTL,Oriental Trimex Limited,,
ORIENTBELL,Orient Bell Limited,,
ORIENTCEM,Orient Cement Limited,,
ORIENTCER,ORIENT CERATECH LIMITED,,
ORIENTELEC,Orient Electric Limited,,
ORIENTHOT,Oriental Hotels Limited,,
ORIENTPPR,Orient Paper & Industries Limited,,
ORIENTTECH,Orient Technologies Limited,,
ORISSAMINE,The Orissa Minerals Development Company Limited,,
ORKLAINDIA,Orkla India Limited,,
ORTINGLOBE,ORTIN GLOBAL LIMITED,,
OSWALAGRO,Oswal Agro Mills Limited,,
OSWALGREEN,Oswal Greentech Limited,,
OSWALPUMPS,Oswal Pumps Limited,,
OSWALSEEDS,ShreeOswal Seeds And Chemicals Limited,,
PACEDIGITK,Pace Digitek Limited,,
PAGEIND,Page Industries Limited,Textiles,NIFTY500
PAISALO,Paisalo Digital Limited,,
PAKKA,PAKKA LIMITED,,
PALASHSECU,Palash Securities Limited,,
PANACEABIO,Panacea Biotec Limited,,
PANAMAPET,Panama Petrochem Limited,,
PANSARI,Pansari Developers Limited,,
PAR,Par Drugs And Chemicals Limited,,
PARACABLES,Paramount Communications Limited,,
PARADEEP,Paradeep Phosphates Limited,Chemicals,NIFTY500
PARAGMILK,Parag Milk Foods Limited,,
PARAS,Paras Defence and Space Technologies Limited,,
PARASPETRO,Paras Petrofils Limited,,
PARKHOSPS,Park Medi World Limited,,
PARKHOTELS,Apeejay Surrendra Park Hotels Limited,,
PASHUPATI,Pashupati Cotspin Limited,,
PATANJALI,Patanjali Foods Limited,Fast Moving Consumer Goods,NIFTY500
PATELENG,Patel Engineering Limited,,
PATELRMART,Patel Retail Limited,,
PAUSHAKLTD,Paushak Limited,,
PAVNAIND,Pavna Industries Limited,,
PAYTM,One 97 Communications Limited,Financial Services,NIFTY500
PCBL,PCBL Chemical Limited,Chemicals,NIFTY500
PCJEWELLER,PC Jeweller Limited,,
PDMJEPAPER,Pudumjee Paper Products Limited,,
PDSL,PDS Limited,,
PEARLPOLY,Pearl Polymers Limited,,
PENIND,Pennar Industries Limited,,
PERSISTENT,Persistent Systems Limited,Information Technology,NIFTY500
PETRONET,Petronet LNG Limited,Oil Gas & Consumable Fuels,NIFTY500
PFC,Power Finance Corporation Limited,Financial Services,NIFTY500
PFIZER,Pfizer Limited,Healthcare,NIFTY500
PFOCUS,Prime Focus Limited,Media Entertainment & Publication,NIFTY500
PFS,PTC India Financial Services Limited,,
PGEL,PG Electroplast Limited,Consumer Durables,NIFTY500
PGHH,Procter & Gamble Hygiene and Health Care Limited,,
PGHL,Procter & Gamble Health Limited,,
PGIL,Pearl Global Industries Limited,,
PHOENIXLTD,The Phoenix Mills Limited,Realty,NIFTY500
PICCADIL,Piccadily Agro Industries Limited,,
PIDILITIND,Pidilite Industries Limited,Chemicals,NIFTY500
PIGL,Power & Instrumentation (Gujarat) Limited,,
PIIND,PI Industries Limited,Chemicals,NIFTY500
PILANIINVS,Pilani Investment and Industries Corporation Limited,,
PILITA,PIL ITALICA LIFESTYLE LIMITED,,
PINELABS,Pine Labs Limited,Financial Services,NIFTY500
PIONEEREMB,Pioneer Embroideries Limited,,
PIRAMALFIN,Piramal Finance Limited,Financial Services,NIFTY500
PITTIENG,Pitti Engineering Limited,,
PIXTRANS,Pix Transmissions Limited,,
PKTEA,The Peria Karamalai Tea & Produce Company Limited,,
PLASTIBLEN,Plastiblends India Limited,,
PLATIND,Platinum Industries Limited,,
PLAZACABLE,Plaza Wires Limited,,
PML,Paul Merchants Limited,,
PNB,Punjab National Bank,Financial Services,NIFTY500
PNBGILTS,PNB Gilts Limited,,
PNBHOUSING,PNB Housing Finance Limited,Financial Services,NIFTY500
PNC,Pritish Nandy Communications Limited,,
PNCINFRA,PNC Infratech Limited,,
PNGJL,P N Gadgil Jewellers Limited,,
PNGSREVA,PNGS Reva Diamond Jewellery Limited,,
POCL,Pondy Oxides & Chemicals Limited,,
PODDARMENT,Poddar Pigments Limited,,
POKARNA,Pokarna Limited,,
POLICYBZR,PB Fintech Limited,Financial Services,NIFTY500
POLYCAB,Polycab India Limited,Capital Goods,NIFTY500
POLYMED,Poly Medicure Limited,Healthcare,NIFTY500
POLYPLEX,Polyplex Corporation Limited,,
PONNIERODE,Ponni Sugars (Erode) Limited,,
POONAWALLA,Poonawalla Fincorp Limited,Financial Services,NIFTY500
POWERGRID,Power Grid Corporation of India Limited,Power,NIFTY50|NIFTY500
POWERICA,Powerica Limited,,
POWERINDIA,Hitachi Energy India Limited,Capital Goods,NIFTY500
POWERMECH,Power Mech Projects Limited,,
PPLPHARMA,Piramal Pharma Limited,Healthcare,NIFTY500
PRABHA,Prabha Energy Limited,,
PRAENG,Prajay Engineers Syndicate Limited,,
PRAJIND,Praj Industries Limited,,
PRAKASH,Prakash Industries Limited,,
PRAKASHSTL,Prakash Steelage Limited,,
PRAVEG,Praveg Limited,,
PRAXIS,Praxis Home Retail Limited,,
PRECAM,Precision Camshafts Limited,,
PRECOT,Precot Limited,,
PRECWIRE,Precision Wires India Limited,,
PREMCO,Premco Global Limited,,
PREMEXPLN,Premier Explosives Limited,,
PREMIERENE,Premier Energies Limited,Capital Goods,NIFTY500
PREMIERPOL,Premier Polyfilm Limited,,
PRESTIGE,Prestige Estates Projects Limited,Realty,NIFTY500
PRICOLLTD,Pricol Limited,,
PRIMESECU,Prime Securities Limited,,
PRIMO,Primo Chemicals Limited,,
PRINCEPIPE,Prince Pipes And Fittings Limited,,
PRIVISCL,Privi Speciality Chemicals Limited,,
PROSTARM,Prostarm Info Systems Limited,,
PROTEAN,Protean eGov Technologies Limited,,
PROZONER,Prozone Realty Limited,,
PRSMJOHNSN,Prism Johnson Limited,,
PRUDENT,Prudent Corporate Advisory Services Limited,,
PSB,Punjab & Sind Bank,,
PSPPROJECT,PSP Projects Limited,,
PTC,PTC India Limited,,
PTCIL,PTC Industries Limited,Capital Goods,NIFTY500
PTL,PTL Enterprises Limited,,
PUNJABCHEM,Punjab Chemicals & Crop Protection Limited,,
PURVA,Puravankara Limited,,
PVP,PVP Ventures Limited,,
PVRINOX,PVR INOX Limited,Media Entertainment & Publication,NIFTY500
PVSL,Popular Vehicles and Services Limited,,
PWL,Physicswallah Limited,Consumer Services,NIFTY500
PYRAMID,Pyramid Technoplast Limited,,
QMSMEDI,QMS Medical Allied Services Limited,,
QPOWER,Quality Power Electrical Equipments Limited,,
QUADFUTURE,Quadrant Future Tek Limited,,
QUESS,Quess Corp Limited,,
QUINT,Quint Digital Limited,,
RACE,Race Eco Chain Limited,,
RACLGEAR,RACL Geartech Limited,,
RADAAN,Radaan Mediaworks India Limited,,
RADHIKAJWE,Radhika Jeweltech Limited,,
RADIANTCMS,Radiant Cash Management Services Limited,,
RADICO,Radico Khaitan Limited,Fast Moving Consumer Goods,NIFTY500
RADIOCITY,Music Broadcast Limited,,
RAILTEL,Railtel Corporation Of India Limited,Telecommunication,NIFTY500
RAIN,Rain Industries Limited,,
RAINBOW,Rainbow Childrens Medicare Limited,Healthcare,NIFTY500
RAJMET,Rajnandini Metal Limited,,
RAJPALAYAM,Rajapalayam Mills Limited,,
RAJRATAN,Rajratan Global Wire Limited,,
RAJSREESUG,Rajshree Sugars & Chemicals Limited,,
RAJTV,Raj Television Network Limited,,
RALLIS,Rallis India Limited,,
RAMANEWS,Shree Rama Newsprint Limited,,
RAMAPHO,Rama Phosphates Limited,,
RAMBHAJO,Advit Jewels Limited,,
RAMCOCEM,The Ramco Cements Limited,Construction Materials,NIFTY500
RAMCOIND,Ramco Industries Limited,,
RAMCOSYS,Ramco Systems Limited,,
RAMKY,Ramky Infrastructure Limited,,
RAMRAT,Ram Ratna Wires Limited,,
RANASUG,Rana Sugars Limited,,
RANEHOLDIN,Rane Holdings Limited,,
RATEGAIN,Rategain Travel Technologies Limited,,
RATNAMANI,Ratnamani Metals & Tubes Limited,,
RATNAVEER,Ratnaveer Precision Engineering Limited,,
RAYMOND,Raymond Limited,,
RAYMONDLSL,Raymond Lifestyle Limited,,
RAYMONDREL,Raymond Realty Limited,,
RBA,Restaurant Brands Asia Limited,,
RBLBANK,RBL Bank Limited,Financial Services,NIFTY500
RBZJEWEL,RBZ Jewellers Limited,,
RCF,Rashtriya Chemicals and Fertilizers Limited,,
RECLTD,REC Limited,Financial Services,NIFTY500
REDINGTON,Redington Limited,Services,NIFTY500
REDTAPE,Redtape Limited,,
REFEX,Refex Industries Limited,,
REGENCERAM,Regency Ceramics Limited,,
RELAXO,Relaxo Footwears Limited,,
RELCHEMQ,Reliance Chemotex Industries Limited,,
RELIABLE,Reliable Data Services Limited,,
RELIANCE,Reliance Industries Limited,Oil Gas & Consumable Fuels,NIFTY50|NIFTY500
RELIGARE,Religare Enterprises Limited,,
RELTD,Ravindra Energy Limited,,
REMSONSIND,Remsons Industries Limited,,
RENUKA,Shree Renuka Sugars Limited,,
REPCOHOME,Repco Home Finance Limited,,
REPRO,Repro India Limited,,
RESPONIND,Responsive Industries Limited,,
RETAIL,JHS Svendgaard Retail Ventures Limited,,
RGL,Renaissance Global Limited,,
RHETAN,Rhetan TMT Limited,,
RHIM,RHI MAGNESITA INDIA LIMITED,Capital Goods,NIFTY500
RHL,Robust Hotels Limited,,
RICOAUTO,Rico Auto Industries Limited,,
RIIL,Reliance Industrial Infrastructure Limited,,
RIR,RIR Power Electronics Limited,,
RISHABH,Rishabh Instruments Limited,,
RITCO,Ritco Logistics Limited,,
RITES,RITES Limited,Construction,NIFTY500
RKDL,Ravi Kumar Distilleries Limited,,
RKEC,RKEC Projects Limited,,
RKFORGE,Ramkrishna Forgings Limited,Automobile and Auto Components,NIFTY500
RKSWAMY,R K Swamy Limited,,
RMC,RMC Switchgears Limited,,
RML,Rane (Madras) Limited,,
RNBDENIMS,R&B Denims Limited,,
ROHLTD,Royal Orchid Hotels Limited,,
ROLEXRINGS,Rolex Rings Limited,,
ROML,Raj Oil Mills Limited,,
ROSSARI,Rossari Biotech Limited,,
ROSSELLIND,Rossell India Limited,,
ROSSTECH,Rossell Techsys Limited,,
ROTO,Roto Pumps Limited,,
ROUTE,ROUTE MOBILE LIMITED,,
RPEL,Raghav Productivity Enhancers Limited,,
RPGLIFE,RPG Life Sciences Limited,,
RPOWER,Reliance Power Limited,Power,NIFTY500
RPPINFRA,R.P.P. Infra Projects Limited,,
RPSGVENT,RPSG VENTURES LIMITED,,
RPTECH,Rashi Peripherals Limited,,
RRIL,RRIL Limited,,
RRKABEL,R R Kabel Limited,Capital Goods,NIFTY500
RSL,Rajputana Stainless Limited,,
RSSOFTWARE,R. S. Software (India) Limited,,
RSYSTEMS,R Systems International Limited,,
RTNINDIA,RattanIndia Enterprises Limited,,
RTNPOWER,RattanIndia Power Limited,,
RUBFILA,Rubfila International Limited,,
RUBICON,Rubicon Research Limited,,
RUCHINFRA,Ruchi Infrastructure Limited,,
RUCHIRA,Ruchira Papers Limited,,
RUDRA,Rudra Global Infra Products Limited,,
RUPA,Rupa & Company Limited,,
RUSHIL,Rushil Decor Limited,,
RUSTOMJEE,Keystone Realtors Limited,,
RVHL,Ravinder Heights Limited,,
RVNL,Rail Vikas Nigam Limited,Construction,NIFTY500
RVTH,Revathi Equipment India Limited,,
S&SPOWER,S&S Power Switchgears Limited,,
SAATVIKGL,Saatvik Green Energy Limited,,
SADBHAV,Sadbhav Engineering Limited,,
SAFARI,Safari Industries (India) Limited,,
SAGARDEEP,Sagardeep Alloys Limited,,
SAGCEM,Sagar Cements Limited,,
SAGILITY,SAGILITY LIMITED,Information Technology,NIFTY500
SAHLIBHFI,Shalibhadra Finance Limited,,
SAHYADRI,Sahyadri Industries Limited,,
SAIL,Steel Authority of India Limited,Metals & Mining,NIFTY500
SAILIFE,Sai Life Sciences Limited,Healthcare,NIFTY500
SAIPARENT,Sai Parenterals Limited,,
SAKAR,Sakar Healthcare Limited,,
SAKHTISUG,Sakthi Sugars Limited,,
SAKSOFT,Saksoft Limited,,
SAKUMA,Sakuma Exports Limited,,
SALASAR,Salasar Techno Engineering Limited,,
SALONA,Salona Cotspin Limited,,
SALSTEEL,S.A.L. Steel Limited,,
SALZERELEC,Salzer Electronics Limited,,
SAMBHAAV,Sambhaav Media Limited,,
SAMBHV,Sambhv Steel Tubes Limited,,
SAMHI,Samhi Hotels Limited,,
SAMMAANCAP,Sammaan Capital Limited,Financial Services,NIFTY500
SAMPANN,Sampann Utpadan India Limited,,
SANATHAN,Sanathan Textiles Limited,,
SANDESH,The Sandesh Limited,,
SANDHAR,Sandhar Technologies Limited,,
SANDUMA,Sandur Manganese & Iron Ores Limited,,
SANGAMIND,Sangam (India) Limited,,
SANGHVIMOV,Sanghvi Movers Limited,,
SANOFI,Sanofi India Limited,,
SANOFICONR,Sanofi Consumer Healthcare India Limited,,
SANSERA,Sansera Engineering Limited,,
SANSTAR,Sanstar Limited,,
SAPPHIRE,Sapphire Foods India Limited,Consumer Services,NIFTY500
SAPPL,Shree Ajit Pulp & Paper Limited,,
SARDAEN,Sarda Energy & Minerals Limited,Metals & Mining,NIFTY500
SAREGAMA,Saregama India Limited,Media Entertainment & Publication,NIFTY500
SARLAPOLY,Sarla Performance Fibers Limited,,
SARVESHWAR,Sarveshwar Foods Limited,,
SASKEN,Sasken Technologies Limited,,
SATIA,Satia Industries Limited,,
SATIN,Satin Creditcare Network Limited,,
SAURASHCEM,Saurashtra Cement Limited,,
SAYAJIHOTL,Sayaji Hotels Limited,,
SBC,SBC Exports Limited,,
SBCL,Shivalik Bimetal Controls Limited,,
SBFC,SBFC Finance Limited,Financial Services,NIFTY500
SBGLP,Suratwwala Business Group Limited,,
SBICARD,SBI Cards and Payment Services Limited,Financial Services,NIFTY500
SBIFUNDS,SBI Funds Management Limited,,
SBILIFE,SBI Life Insurance Company Limited,Financial Services,NIFTY50|NIFTY500
SBIN,State Bank of India,Financial Services,NIFTY50|NIFTY500
SCHAEFFLER,Schaeffler India Limited,Automobile and Auto Components,NIFTY500
SCHAND,S Chand And Company Limited,,
SCHNEIDER,Schneider Electric Infrastructure Limited,Capital Goods,NIFTY500
SCI,Shipping Corporation Of India Limited,Services,NIFTY500
SCILAL,Shipping Corporation of India Land and Assets Limited,,
SCODATUBES,Scoda Tubes Limited,,
SCPL,Sheetal Cool Products Limited,,
SDBL,Som Distilleries & Breweries Limited,,
SEAMECLTD,Seamec Limited,,
SECMARK,SecMark Consultancy Limited,,
SECURKLOUD,SECUREKLOUD TECHNOLOGIES LIMITED,,
SEDEMAC,SEDEMAC Mechatronics Limited,,
SEIL,Shanti Educational Initiatives Limited,,
SEJALLTD,Sejal Glass Limited,,
SELMC,SEL Manufacturing Company Limited,,
SENCO,Senco Gold Limited,,
SENORES,Senores Pharmaceuticals Limited,,
SEPC,SEPC Limited,,
SERVOTECH,Servotech Renewable Power System Limited,,
SESHAPAPER,Seshasayee Paper and Boards Limited,,
SETL,Standard Engineering Technology Limited,,
SFL,Sheela Foam Limited,,
SGFIN,SG Finserve Limited,,
SGIL,Synergy Green Industries Limited,,
SGL,STL Global Limited,,
SGMART,SG Mart Limited,,
SHADOWFAX,Shadowfax Technologies Limited,,
SHAH,Shah Metacorp Limited,,
SHAHALLOYS,Shah Alloys Limited,,
SHAILY,Shaily Engineering Plastics Limited,,
SHAKTIPUMP,Shakti Pumps (India) Limited,,
SHALBY,Shalby Limited,,
SHANKARA,Shankara Building Products Limited,,
SHANTI,Shanti Overseas (India) Limited,,
SHANTIGEAR,Shanthi Gears Limited,,
SHANTIGOLD,Shanti Gold International Limited,,
SHARDACROP,Sharda Cropchem Limited,,
SHARDAMOTR,Sharda Motor Industries Limited,,
SHAREINDIA,Share India Securities Limited,,
SHBAJRG,Shri Bajrang Alliance Limited,,
SHEKHAWATI,Shekhawati Industries Limited,,
SHILCTECH,Shilchar Technologies Limited,,
SHILPAMED,Shilpa Medicare Limited,,
SHINDL,Sharat Industries Limited,,
SHIVAMILLS,Shiva Mills Limited,,
SHIVATEX,Shiva Texyarn Limited,,
SHIVAUM,Shiv Aum Steels Limited,,
SHK,S H Kelkar and Company Limited,,
SHOPERSTOP,Shoppers Stop Limited,,
SHRADHA,Shradha Realty Limited,,
SHREDIGCEM,Shree Digvijay Cement Co.Ltd,,
SHREECEM,SHREE CEMENT LIMITED,Construction Materials,NIFTY500
SHREEJISPG,Shreeji Shipping Global Limited,,
SHREEPUSHK,Shree Pushkar Chemicals & Fertilisers Limited,,
SHREERAMA,Shree Rama Multi-Tech Limited,,
SHREYANIND,Shreyans Industries Limited,,
SHRIKRISH,Shri Krishna Devcon Limited,,
SHRINGARMS,Shringar House of Mangalsutra Limited,,
SHRIPISTON,SPR Auto Technologies Limited,,
SHRIRAMFIN,Shriram Finance Limited,Financial Services,NIFTY50|NIFTY500
SHRIRAMPPS,Shriram Properties Limited,,
SHUKRAPHAR,Shukra Pharmaceuticals Limited,,
SHYAMMETL,Shyam Metalics and Energy Limited,Capital Goods,NIFTY500
SICAGEN,Sicagen India Limited,,
SIEMENS,Siemens Limited,Capital Goods,NIFTY500
SIGIND,Signet Industries Limited,,
SIGMA,Sigma Solve Limited,,
SIGNATURE,Signatureglobal (India) Limited,Realty,NIFTY500
SIGNPOST,Signpost India Limited,,
SIKA,Sika Interplant Systems Limited,,
SIL,Standard Industries Limited,,
SILGO,Silgo Retail Limited,,
SILINV,SIL Investments Limited,,
SILLYMONKS,Silly Monks Entertainment Limited,,
SILVERTUC,Silver Touch Technologies Limited,,
SIMPLEXINF,Simplex Infrastructures Limited,,
SINCLAIR,Sinclairs Hotels Limited,,
SINDHUTRAD,Sindhu Trade Links Limited,,
SINGERIND,Singer India Limited,,
SINTERCOM,Sintercom India Limited,,
SIRCA,Sirca Paints India Limited,,
SIS,SIS LIMITED,,
SIYSIL,Siyaram Silk Mills Limited,,
SJS,S.J.S. Enterprises Limited,,
SJVN,SJVN Limited,Power,NIFTY500
SKFINDIA,SKF India Limited,,
SKFINDUS,SKF India (Industrial) Limited,,
SKIPPER,Skipper Limited,,
SKMEGGPROD,SKM Egg Products Export (India) Limited,,
SKYGOLD,SKY GOLD AND DIAMONDS LIMITED,,
SMARTWORKS,Smartworks Coworking Spaces Limited,,
SMCGLOBAL,SMC Global Securities Limited,,
SMLMAH,SML Mahindra Limited,,
SMLT,Sarthak Metals Limited,,
SMSPHARMA,SMS Pharmaceuticals Limited,,
SNOWMAN,Snowman Logistics Limited,,
SOBHA,Sobha Limited,Realty,NIFTY500
SOFTTECH,Softtech Engineers Limited,,
SOLARA,Solara Active Pharma Sciences Limited,,
SOLARINDS,Solar Industries India Limited,Chemicals,NIFTY500
SOLARWORLD,Solarworld Energy Solutions Limited,,
SOLEX,Solex Energy Limited,,
SOMANYCERA,Somany Ceramics Limited,,
SOMATEX,Soma Textiles & Industries Limited,,
SOMICONVEY,Somi Conveyor Beltings Limited,,
SONACOMS,Sona BLW Precision Forgings Limited,Automobile and Auto Components,NIFTY500
SONAL,Sonal Mercantile Limited,,
SONAMLTD,SONAM LIMITED,,
SONATSOFTW,Sonata Software Limited,Information Technology,NIFTY500
SOTL,Savita Oil Technologies Limited,,
SOUTHBANK,The South Indian Bank Limited,,
SOUTHWEST,South West Pinnacle Exploration Limited,,
SPAL,S. P. Apparels Limited,,
SPANDANA,Spandana Sphoorty Financial Limited,,
SPARC,Sun Pharma Advanced Research Company Limited,,
SPCENET,Spacenet Enterprises India Limited,,
SPENCERS,Spencer's Retail Limited,,
SPIC,Southern Petrochemicals Industries Corporation  Limited,,
SPLIL,SPL Industries Limited,,
SPLPETRO,Supreme Petrochem Limited,Chemicals,NIFTY500
SPMLINFRA,SPML Infra Limited,,
SPORTKING,Sportking India Limited,,
SRD,Shankar Lal Rampal Dye-Chem Limited,,
SREEL,Sreeleathers Limited,,
SRF,SRF Limited,Chemicals,NIFTY500
SRGHFL,SRG Housing Finance Limited,,
SRHHYPOLTD,Sree Rayalaseema Hi-Strength Hypo Limited,,
SRM,SRM Contractors Limited,,
SRTL,Shree Ram Twistex Limited,,
SSDL,Saraswati Saree Depot Limited,,
SSWL,Steel Strips Wheels Limited,,
STANLEY,Stanley Lifestyles Limited,,
STAR,Strides Pharma Science Limited,,
STARCEMENT,Star Cement Limited,,
STARHEALTH,Star Health and Allied Insurance Company Limited,Financial Services,NIFTY500
STARPAPER,Star Paper Mills Limited,,
STARTECK,Starteck Finance Limited,,
STCINDIA,The State Trading Corporation of India Limited,,
STEELCAS,Steelcast Limited,,
STEELCITY,Steel City Securities Limited,,
STEELXIND,STEEL EXCHANGE INDIA LIMITED,,
STEL,Stel Holdings Limited,,
STLNETWORK,STL Networks Limited,,
STOVEKRAFT,Stove Kraft Limited,,
STUDDS,Studds Accessories Limited,,
STYL,Seshaasai Technologies Limited,,
STYLAMIND,Stylam Industries Limited,,
STYLEBAAZA,Baazar Style Retail Limited,,
STYRENIX,Styrenix Performance Materials Limited,,
SUBROS,Subros Limited,,
SUDARCOLOR,Sudarshan Colorants India Limited,,
SUDARSCHEM,Sudarshan Chemical Industries Limited,,
SUDEEPPHRM,Sudeep Pharma Limited,,
SUKHJITS,Sukhjit Starch & Chemicals Limited,,
SULA,Sula Vineyards Limited,,
SUMEETINDS,Sumeet Industries Limited,,
SUMICHEM,Sumitomo Chemical India Limited,Chemicals,NIFTY500
SUMIT,Sumit Woods Limited,,
SUMMITSEC,Summit Securities Limited,,
SUNCLAY,Sundaram Clayton Limited,,
SUNDARAM,Sundaram Multi Pap Limited,,
SUNDARMFIN,Sundaram Finance Limited,Financial Services,NIFTY500
SUNDRMFAST,Sundram Fasteners Limited,,
SUNDROP,Sundrop Brands Limited,,
SUNFLAG,Sunflag Iron And Steel Company Limited,,
SUNPHARMA,Sun Pharmaceutical Industries Limited,Healthcare,NIFTY50|NIFTY500
SUNTECK,Sunteck Realty Limited,,
SUNTV,Sun TV Network Limited,Media Entertainment & Publication,NIFTY500
SUPERHOUSE,Superhouse Limited,,
SUPRAJIT,Suprajit Engineering Limited,,
SUPREME,Supreme Holdings & Hospitality (India) Limited,,
SUPREMEIND,Supreme Industries Limited,Capital Goods,NIFTY500
SUPREMEINF,Supreme Infrastructure India Limited,,
SUPRIYA,Supriya Lifescience Limited,,
SURAJEST,Suraj Estate Developers Limited,,
SURAJLTD,Suraj Limited,,
SURAKSHA,Suraksha Diagnostic Limited,,
SURANASOL,Surana Solar Limited,,
SURANAT&P,Surana Telecom and Power Limited,,
SURYALA,Suryalata Spinning Mills Limited,,
SURYALAXMI,Suryalakshmi Cotton Mills Limited,,
SURYAROSNI,Surya Roshni Limited,,
SURYODAY,Suryoday Small Finance Bank Limited,,
SUVEN,Suven Life Sciences Limited,,
SUVIDHAA,Suvidhaa Infoserve Limited,,
SUYOG,Suyog Telematics Limited,,
SUZLON,Suzlon Energy Limited,Capital Goods,NIFTY500
SWANCORP,SWAN CORP LIMITED,Chemicals,NIFTY500
SWARAJ,Swaraj Suiting Limited,,
SWARAJENG,Swaraj Engines Limited,,
SWELECTES,Swelect Energy Systems Limited,,
SWIGGY,Swiggy Limited,Consumer Services,NIFTY500
SWSOLAR,Sterling and Wilson Renewable Energy Limited,,
SYMPHONY,Symphony Limited,,
SYNCOMF,Syncom Formulations (India) Limited,,
SYNGENE,Syngene International Limited,Healthcare,NIFTY500
SYRMA,Syrma SGS Technology Limited,Capital Goods,NIFTY500
TAALTECH,Taal Tech Limited,,
TAINWALCHM,Tainwala Chemical and Plastic (I) Limited,,
TAJGVK,Taj GVK Hotels & Resorts Limited,,
TAKE,TAKE Limited,,
TALBROAUTO,Talbros Automotive Components Limited,,
TANLA,Tanla Platforms Limited,,
TARACHAND,Tara Chand InfraLogistic Solutions Limited,,
TARAPUR,Tarapur Transformers Limited,,
TARC,TARC Limited,,
TARIL,Transformers And Rectifiers (India) Limited,Capital Goods,NIFTY500
TARMAT,Tarmat Limited,,
TARSONS,Tarsons Products Limited,,
TASTYBITE,Tasty Bite Eatables Limited,,
TATACAP,Tata Capital Limited,Financial Services,NIFTY500
TATACHEM,Tata Chemicals Limited,Chemicals,NIFTY500
TATACOMM,Tata Communications Limited,Telecommunication,NIFTY500
TATACONSUM,TATA CONSUMER PRODUCTS LIMITED,Fast Moving Consumer Goods,NIFTY50|NIFTY500
TATAELXSI,Tata Elxsi Limited,Information Technology,NIFTY500
TATAINVEST,Tata Investment Corporation Limited,Financial Services,NIFTY500
TATAPOWER,Tata Power Company Limited,Power,NIFTY500
TATASTEEL,Tata Steel Limited,Metals & Mining,NIFTY50|NIFTY500
TATATECH,Tata Technologies Limited,Information Technology,NIFTY500
TATVA,Tatva Chintan Pharma Chem Limited,,
TBOTEK,TBO Tek Limited,Consumer Services,NIFTY500
TBZ,Tribhovandas Bhimji Zaveri Limited,,
TCC,TCC Concept Limited,,
TCI,Transport Corporation of India Limited,,
TCIEXP,TCI Express Limited,,
TCPLPACK,TCPL Packaging Limited,,
TCS,Tata Consultancy Services Limited,Information Technology,NIFTY50|NIFTY500
TDPOWERSYS,TD Power Systems Limited,,
TEAMGTY,Team India Guaranty Limited,,
TEAMLEASE,Teamlease Services Limited,,
TECHM,Tech Mahindra Limited,Information Technology,NIFTY50|NIFTY500
TECHNOCRAF,Technocraft Ventures Limited,,
TECHNOE,Techno Electric & Engineering Company Limited,Construction,NIFTY500
TECHNVISN,TechNVision Ventures Limited,,
TECILCHEM,TECIL Chemicals and Hydro Power Limited,,
TEGA,Tega Industries Limited,Capital Goods,NIFTY500
TEJASNET,Tejas Networks Limited,Telecommunication,NIFTY500
TEMBO,Tembo Global Industries Limited,,
TENNIND,Tenneco Clean Air India Limited,Automobile and Auto Components,NIFTY500
TERASOFT,Tera Software Limited,,
TEXINFRA,Texmaco Infrastructure & Holdings Limited,,
TEXMOPIPES,Texmo Pipes and Products Limited,,
TEXRAIL,Texmaco Rail & Engineering Limited,,
TFCILTD,Tourism Finance Corporation of India Limited,,
TFL,Transwarranty Finance Limited,,
TGBHOTELS,TGB Banquets And Hotels Limited,,
THAKDEV,Thakkers Developers Limited,,
THANGAMAYL,Thangamayil Jewellery Limited,,
THEINVEST,The Investment Trust Of India Limited,,
THEJO,Thejo Engineering Limited,,
THELEELA,Leela Palaces Hotels & Resorts Limited,Consumer Services,NIFTY500
THEMISMED,Themis Medicare Limited,,
THERMAX,Thermax Limited,Capital Goods,NIFTY500
THOMASCOOK,Thomas Cook  (India)  Limited,,
THOMASCOTT,Thomas Scott (India) Limited,,
THYROCARE,Thyrocare Technologies Limited,,
TI,Tilaknagar Industries Limited,,
TIIL,Technocraft Industries (India) Limited,,
TIINDIA,Tube Investments of India Limited,Automobile and Auto Components,NIFTY500
TIJARIA,Tijaria Polypipes Limited,,
TIMETECHNO,Time Technoplast Limited,,
TIMEX,Timex Group India Limited,,
TIMKEN,Timken India Limited,Capital Goods,NIFTY500
TINNARUBR,Tinna Rubber and Infrastructure Limited,,
TIPSFILMS,Tips Films Limited,,
TIPSMUSIC,Tips Music Limited,,
TIRUMALCHM,Thirumalai Chemicals Limited,,
TITAGARH,TITAGARH RAIL SYSTEMS LIMITED,Capital Goods,NIFTY500
TITAN,Titan Company Limited,Consumer Durables,NIFTY50|NIFTY500
TMB,Tamilnad Mercantile Bank Limited,,
TMCV,Tata Motors Limited,Capital Goods,NIFTY500
TMPV,Tata Motors Passenger Vehicles Limited,Automobile and Auto Components,NIFTY50|NIFTY500
TNPETRO,Tamilnadu PetroProducts Limited,,
TNPL,Tamil Nadu Newsprint & Papers Limited,,
TNTELE,Tamilnadu Telecommunication Limited,,
TOKYOPLAST,Tokyo Plast International Limited,,
TOLINS,Tolins Tyres Limited,,
TORNTPHARM,Torrent Pharmaceuticals Limited,Healthcare,NIFTY500
TORNTPOWER,Torrent Power Limited,Power,NIFTY500
TOTAL,Total Transport Systems Limited,,
TOUCHWOOD,Touchwood Entertainment Limited,,
TPHQ,Teamo Productions HQ Limited,,
TPLPLASTEH,TPL Plastech Limited,,
TRACXN,Tracxn Technologies Limited,,
TRANSRAILL,Transrail Lighting Limited,,
TRAVELFOOD,Travel Food Services Limited,Consumer Services,NIFTY500
TREEHOUSE,Tree House Education & Accessories Limited,,
TREJHARA,TREJHARA SOLUTIONS LIMITED,,
TREL,Transindia Real Estate Limited,,
TRENT,Trent Limited,Consumer Services,NIFTY50|NIFTY500
TRF,TRF Limited,,
TRIDENT,Trident Limited,Textiles,NIFTY500
TRIGYN,Trigyn Technologies Limited,,
TRITURBINE,Triveni Turbine Limited,Capital Goods,NIFTY500
TRIVENI,Triveni Engineering & Industries Limited,,
TRU,TruCap Finance Limited,,
TRUALT,TruAlt Bioenergy Limited,,
TSFINV,TSF INVESTMENTS LIMITED,,
TTKHLTCARE,TTK Healthcare Limited,,
TTKPRESTIG,TTK Prestige Limited,,
TTL,T T Limited,,
TTML,Tata Teleservices (Maharashtra) Limited,Telecommunication,NIFTY500
TURTLEMINT,Turtlemint Fintech Solutions Limited,,
TVSELECT,TVS Electronics Limited,,
TVSHLTD,TVS Holdings Limited,,
TVSMOTOR,TVS Motor Company Limited,Automobile and Auto Components,NIFTY500
TVSSCS,TVS Supply Chain Solutions Limited,,
TVSSRICHAK,TVS Srichakra Limited,,
TVTODAY,TV Today Network Limited,,
UBL,United Breweries Limited,Fast Moving Consumer Goods,NIFTY500
UCAL,UCAL LIMITED,,
UCOBANK,UCO Bank,Financial Services,NIFTY500
UDS,Updater Services Limited,,
UEL,Ujaas Energy Limited,,
UFLEX,UFLEX Limited,,
UFO,UFO Moviez India Limited,,
UGARSUGAR,The Ugar Sugar Works Limited,,
UGROCAP,Ugro Capital Limited,,
UJJIVANSFB,Ujjivan Small Finance Bank Limited,,
ULTRACEMCO,UltraTech Cement Limited,Construction Materials,NIFTY50|NIFTY500
ULTRAMAR,Ultramarine & Pigments Limited,,
UMESLTD,Usha Martin Education & Solutions Limited,,
UMIYA-MRO,UMIYA BUILDCON LIMITED,,
UNICHEMLAB,Unichem Laboratories Limited,,
UNIECOM,Unicommerce Esolutions Limited,,
UNIENTER,Uniphos Enterprises Limited,,
UNIINFO,Uniinfo Telecom Services Limited,,
UNIMECH,Unimech Aerospace and Manufacturing Limited,,
UNIONBANK,Union Bank of India,Financial Services,NIFTY500
UNIPARTS,Uniparts India Limited,,
UNITDSPR,United Spirits Limited,Fast Moving Consumer Goods,NIFTY500
UNITECH,Unitech Limited,,
UNITEDTEA,The United Nilgiri Tea Estates Company Limited,,
UNIVCABLES,Universal Cables Limited,,
UNOMINDA,UNO Minda Limited,Automobile and Auto Components,NIFTY500
UPL,UPL Limited,Chemicals,NIFTY500
URBANCO,Urban Company Limited,Consumer Services,NIFTY500
URJA,Urja Global Limited,,
USHAMART,Usha Martin Limited,Capital Goods,NIFTY500
USK,Udayshivakumar Infra Limited,,
UTIAMC,UTI Asset Management Company Limited,Financial Services,NIFTY500
UTKARSHBNK,Utkarsh Small Finance Bank Limited,,
UTLSOLAR,Fujiyama Power Systems Limited,,
UTTAMSUGAR,Uttam Sugar Mills Limited,,
V2RETAIL,V2 Retail Limited,,
VADILALIND,Vadilal Industries Limited,,
VAIBHAVGBL,Vaibhav Global Limited,,
VAISHALI,Vaishali Pharma Limited,,
VAKRANGEE,Vakrangee Limited,,
VALIANTLAB,Valiant Laboratories Limited,,
VAML,Vedanta Aluminium Metal Limited,,
VARDMNPOLY,Vardhman Polytex Limited,,
VARROC,Varroc Engineering Limited,,
VASCONEQ,Vascon Engineers Limited,,
VASWANI,Vaswani Industries Limited,,
VBL,Varun Beverages Limited,Fast Moving Consumer Goods,NIFTY500
VCL,Vaxtex Cotfab Limited,,
VEDL,Vedanta Limited,Metals & Mining,NIFTY500
VEDPOWER,Vedanta Power Limited,,
VEEDOL,Veedol Corporation Limited,,
VENKEYS,Venky's (India) Limited,,
VENTIVE,Ventive Hospitality Limited,,
VENUSPIPES,Venus Pipes & Tubes Limited,,
VERANDA,Veranda Learning Solutions Limited,,
VESUVIUS,Vesuvius India Limited,,
VGL,VARVEE GLOBAL LIMITED,,
VGUARD,V-Guard Industries Limited,,
VHL,Vardhman Holdings Limited,,
VIDHIING,Vidhi Specialty Food Ingredients Limited,,
VIDYAWIRES,Vidya Wires Limited,,
VIJAYA,Vijaya Diagnostic Centre Limited,Healthcare,NIFTY500
VIKASECO,Vikas EcoTech Limited,,
VIKASLIFE,Vikas Lifecare Limited,,
VIKRAMSOLR,Vikram Solar Limited,,
VIKRAN,Vikran Engineering Limited,,
VIMTALABS,Vimta Labs Limited,,
VINATIORGA,Vinati Organics Limited,,
VINCOFE,Vintage Coffee And Beverages Limited,,
VINDHYATEL,Vindhya Telelinks Limited,,
VINEETLAB,Vineet Laboratories Limited,,
VINNY,Vinny Overseas Limited,,
VINYLINDIA,Vinyl Chemicals (India) Limited,,
VIPIND,VIP Industries Limited,,
VIRINCHI,Virinchi Limited,,
VISAKAIND,Visaka Industries Limited,,
VISHNU,Vishnu Chemicals Limited,,
VISHWARAJ,Vishwaraj Sugar Industries Limited,,
VISL,Vedanta Iron and Steel Limited,,
VIVIDHA,Visagar Polytex Limited,,
VIYASH,Viyash Scientific Limited,,
VLSFINANCE,VLS Finance Limited,,
VMART,V-Mart Retail Limited,,
VMM,Vishal Mega Mart Limited,Consumer Services,NIFTY500
VMSTMT,VMS TMT Limited,,
VOEPL,Virtuoso Optoelectronics Limited,,
VOGL,Vedanta Oil and Gas Limited,,
VOLTAMP,Voltamp Transformers Limited,,
VOLTAS,Voltas Limited,Consumer Durables,NIFTY500
VPRPL,Vishnu Prakash R Punglia Limited,,
VRAJ,Vraj Iron and Steel Limited,,
VRLLOG,VRL Logistics Limited,,
VSSL,Vardhman Special Steels Limited,,
VSTIND,VST Industries Limited,,
VSTL,Vibhor Steel Tubes Limited,,
VSTTILLERS,V.S.T Tillers Tractors Limited,,
VTL,Vardhman Textiles Limited,Textiles,NIFTY500
WAAREEENER,Waaree Energies Limited,Capital Goods,NIFTY500
WAAREEINDO,Indosolar Limited,,
WAAREERTL,Waaree Renewable Technologies Limited,,
WABAG,VA Tech Wabag Limited,,
WAKEFIT,Wakefit Innovations Limited,,
WALCHANNAG,Walchandnagar Industries Limited,,
WANBURY,Wanbury Limited,,
WCIL,Western Carriers (India) Limited,,
WEALTH,Wealth First Portfolio Managers Limited,,
WEBELSOLAR,Websol Energy System Limited,,
WEIZMANIND,Weizmann Limited,,
WEL,Wonder Electricals Limited,,
WELCORP,Welspun Corp Limited,Capital Goods,NIFTY500
WELENT,Welspun Enterprises Limited,,
WELSPLSOL,Welspun Specialty Solutions Limited,,
WELSPUNLIV,Welspun Living Limited,Textiles,NIFTY500
WENDT,Wendt (India) Limited,,
WESTLIFE,WESTLIFE FOODWORLD LIMITED,,
WEWORK,WeWork India Management Limited,,
WHEELS,Wheels India Limited,,
WHIRLPOOL,Whirlpool of India Limited,Consumer Durables,NIFTY500
WILLAMAGOR,Williamson Magor & Company Limited,,
WINDLAS,Windlas Biotech Limited,,
WINDMACHIN,Windsor Machines Limited,,
WIPL,The Western India Plywoods Limited,,
WIPRO,Wipro Limited,Information Technology,NIFTY50|NIFTY500
WOCKPHARMA,Wockhardt Limited,Healthcare,NIFTY500
WONDERLA,Wonderla Holidays Limited,,
WORTHPERI,Worth Peripherals Limited,,
WPIL,WPIL Limited,,
WSI,W S Industries (I) Limited,,
WSTCSTPAPR,West Coast Paper Mills Limited,,
XCHANGING,Xchanging Solutions Limited,,
XELPMOC,Xelpmoc Design And Tech Limited,,
XPROINDIA,Xpro India Limited,,
XTGLOBAL,Xtglobal Infotech Limited,,
XTRANET,Xtranet Technologies Limited,,
YASHO,Yasho Industries Limited,,
YATHARTH,Yatharth Hospital & Trauma Care Services Limited,,
YATRA,Yatra Online Limited,,
YESBANK,Yes Bank Limited,Financial Services,NIFTY500
YUKEN,Yuken India Limited,,
ZAGGLE,Zaggle Prepaid Ocean Services Limited,,
ZEEL,Zee Entertainment Enterprises Limited,Media Entertainment & Publication,NIFTY500
ZEEMEDIA,Zee Media Corporation Limited,,
ZENITHEXPO,Zenith Exports Limited,,
ZENITHSTL,Zenith Steel Pipes & Industries Limited,,
ZENSARTECH,Zensar Technologies Limited,Information Technology,NIFTY500
ZENTEC,Zen Technologies Limited,Capital Goods,NIFTY500
ZFCVINDIA,ZF Commercial Vehicle Control Systems India Limited,Automobile and Auto Components,NIFTY500
ZFSTEERING,ZF Steering Gear (India) Limited,,
ZODIAC,Zodiac Energy Limited,,
ZODIACLOTH,Zodiac Clothing Company Limited,,
ZOTA,Zota Health Care LImited,,
ZSARACOM,Saraswati Commercial India Limited,,
ZUARI,Zuari Agro Chemicals Limited,,
ZUARIIND,ZUARI INDUSTRIES LIMITED,,
ZYDUSLIFE,Zydus Lifesciences Limited,Healthcare,NIFTY500
ZYDUSWELL,Zydus Wellness Limited,Fast Moving Consumer Goods,NIFTY500
